pair_key	biogrid_multivalidated	uniprot_curated	reported_in_curated_database	verified_partner	partner_sm_tractability	partner_n_drugs	partner_top_drugs	partner_chemical_probes	partner_druggability_verified	partner_verified_molecule	partner_druggability_reference
A0JLT2|GRB2	False	True	True								
A2M|RAF1	True	False	True								
A4D2P6|ERBB2	False	True	True								
A4D2P6|MAP2K2	False	True	True								
A5D8V6|GRB2	False	True	True								
A8MQ03|KSR2	False	True	True								
A8MW99|GRB2	False	True	True								
ABCC1|KRAS	True	False	True								
ABCC5|KRAS	True	False	True								
ABCD3|KRAS	True	False	True								
ABI1|EGFR	True	False	True								
ABI1|SOS1	True	False	True								
ABL1|EGFR	True	True	True								
ABL1|ERBB2	True	True	True								
ABL1|GRB2	True	False	True								
ABL1|SOS2	False	True	True								
ABL2|EGFR	True	False	True								
ABL2|ERBB2	True	False	True								
ABL2|GRB2	True	False	True								
ACBD3|RET	True	False	True								
ACLY|RAF1	True	False	True								
ACOT9|EGFR	True	False	True								
ACTB|EGFR	True	False	True								
ACTB|ERBB2	True	False	True								
ACTB|GRB2	True	False	True								
ACTG1|GRB2	True	False	True								
ACTN4|EGFR	True	False	True								
ADAM15|GRB2	True	False	True								
ADAM9|KRAS	True	False	True								
ADCY6|KRAS	True	False	True								
ADCY9|KRAS	True	False	True								
ADD1|KRAS	True	False	True								
ADD2|KRAS	True	False	True								
ADD3|KRAS	True	False	True								
ADRB2|GRB2	True	False	True								
AFDN|KRAS	True	False	True								
AFDN|MRAS	False	False	False								
AFDN|RAF1	True	False	True								
AFG3L2|ERBB2	True	False	True								
AGO2|RAF1	True	False	True								
AHCYL1|KRAS	True	False	True								
AHCY|RAF1	True	False	True								
AHNAK|EGFR	True	False	True								
AHSG|ERBB2	True	False	True								
AIFM1|ARAF	True	False	True								
AIFM1|RAF1	True	False	True								
AIMP2|KRAS	True	False	True								
AIP|RAF1	True	False	True								
AIP|RET	True	False	True								
AKAP5|KRAS	True	False	True								
AKAP8L|RAF1	True	False	True								
AKR1C3|RAF1	True	False	True								
AKT1|BRAF	True	False	True								
AKT1|EGFR	True	False	True								
AKT1|RAF1	True	False	True								
AKTIP|EGFR	True	False	True								
ALDH1A3|RAF1	True	False	True								
ALDH3A2|EGFR	True	False	True								
ALDOA|ERBB2	True	False	True								
ALK|GRB2	True	False	True								
ALK|PTPN11	True	False	True								
ALK|RET	True	False	True								
ALOX5|GRB2	True	False	True								
AMBRA1|ARAF	True	False	True								
AMPH|EGFR	True	False	True								
ANK1|RAF1	True	False	True								
ANKLE2|RET	True	False	True								
ANKRD13A|EGFR	True	False	True								
ANKRD26|KRAS	True	False	True								
ANKRD50|KRAS	True	False	True								
ANKS1A|EGFR	True	False	True								
ANLN|EGFR	True	False	True								
ANLN|MET	True	False	True								
ANO6|KRAS	True	False	True								
ANXA1|EGFR	True	False	True								
ANXA2|EGFR	True	False	True								
ANXA2|GRB2	True	False	True								
ANXA4|RAF1	True	False	True								
ANXA5|RAF1	True	False	True								
AP1B1|EGFR	True	False	True								
AP1G1|EGFR	True	False	True								
AP1G2|EGFR	True	False	True								
AP1M1|EGFR	True	False	True								
AP1M2|EGFR	True	False	True								
AP1S1|EGFR	True	False	True								
AP2A1|EGFR	True	False	True								
AP2A2|EGFR	True	False	True								
AP2B1|EGFR	True	False	True								
AP2M1|EGFR	True	False	True								
AP2S1|EGFR	True	False	True								
APBB1|KRAS	True	False	True								
APBB2|EGFR	True	False	True								
APEX1|EGFR	True	False	True								
APLP1|ERBB2	True	False	True								
APLP2|KRAS	True	False	True								
APOB|EGFR	True	False	True								
APPL1|EGFR	True	False	True								
APP|EGFR	True	False	True								
APP|KRAS	True	False	True								
APP|MET	True	False	True								
APRT|RAF1	True	False	True								
ARAF|ARAF	True	False	True								
ARAF|ATP5F1B	True	False	True								
ARAF|BAG2	True	False	True								
ARAF|BRAF	True	True	True	BRAF	Approved Drug	18.0	SORAFENIB (APPROVAL); REGORAFENIB (APPROVAL); TOVORAFENIB (APPROVAL); DABRAFENIB MESYLATE (APPROVAL)	GDC-0879; P4B	verified: direct target	tovorafenib, sorafenib (approved)	PMID 36963492 - type II RAF inhibitor isoform selectivity
ARAF|CALU	True	False	True								
ARAF|CDC37	True	False	True								
ARAF|CDK1	True	False	True								
ARAF|DDX5	True	False	True								
ARAF|DNAJA1	True	False	True								
ARAF|DNAJA2	True	False	True								
ARAF|DPM1	True	False	True								
ARAF|DSP	True	False	True								
ARAF|EGFR	False	False	False	EGFR	Approved Drug	82.0	AFATINIB (APPROVAL); CETUXIMAB SAROTALOCAN (APPROVAL); BRIGATINIB (APPROVAL); LAZERTINIB (APPROVAL)	AFATINIB; BI-4732; BI-8128; CANERTINIB; DDC-01-163; DDC-03-024-01; JBJ-04-125-02; LAPATINIB; SJF1528; WZ4002	verified: direct target	afatinib, osimertinib (approved)	PMID 23816960 - afatinib in EGFR-mutant lung adenocarcinoma
ARAF|EMD	True	False	True								
ARAF|ENSG00000067225	False	False	False								
ARAF|ENSG00000101158	False	False	False								
ARAF|ENSG00000101161	False	False	False								
ARAF|ENSG00000104980	False	False	False								
ARAF|ENSG00000145675	False	False	False								
ARAF|ENSG00000204435	False	False	False								
ARAF|FAF2	True	False	True								
ARAF|FKBP5	True	False	True								
ARAF|FSCN1	True	False	True								
ARAF|GNA12	True	False	True								
ARAF|HAX1	True	False	True								
ARAF|HRAS	True	True	True	HRAS	Advanced Clinical	1.0	SALIRASIB (PHASE_2)		verified: direct target	salirasib (phase 2)	PMID 29901113 - HRAS as a target of salirasib
ARAF|HSP90AA1	True	False	True								
ARAF|HSP90AB1	True	True	True								
ARAF|HSP90B1	True	False	True								
ARAF|HSPA5	True	False	True								
ARAF|HSPA8	True	False	True								
ARAF|IRAK2	True	False	True								
ARAF|IRF7	True	False	True								
ARAF|IRS4	True	False	True								
ARAF|JUP	True	False	True								
ARAF|KIAA1279	True	False	True								
ARAF|KRAS	True	False	True	ARAF	Advanced Clinical	3.0	TOVORAFENIB (APPROVAL); BELVARAFENIB (PHASE_2); LY-3009120 (PHASE_1)	ACBI3; ARS-1620; Adagrasib; BI-0474; BI-2852; BI-3406; FRF-01-116; MRTX1133; XY-02-082; sotorasib	verified: direct target	tovorafenib (approved)	Yen I et al. PMID 36963492 - RAF-family isoform selectivity of tovorafenib/naporafenib
ARAF|KSR1	False	False	False	ARAF	Advanced Clinical	3.0	TOVORAFENIB (APPROVAL); BELVARAFENIB (PHASE_2); LY-3009120 (PHASE_1)		verified: direct target	tovorafenib (approved)	Yen I et al. PMID 36963492 - RAF-family isoform selectivity of tovorafenib/naporafenib
ARAF|KSR2	False	False	False	ARAF	Advanced Clinical	3.0	TOVORAFENIB (APPROVAL); BELVARAFENIB (PHASE_2); LY-3009120 (PHASE_1)		verified: direct target	tovorafenib (approved)	Yen I et al. PMID 36963492 - RAF-family isoform selectivity of tovorafenib/naporafenib
ARAF|MAP2K1	True	False	True	MAP2K1	Approved Drug	19.0	MIRDAMETINIB (APPROVAL); TRAMETINIB DIMETHYL SULFOXIDE (APPROVAL); BINIMETINIB (APPROVAL); COBIMETINIB (APPROVAL)	SELUMETINIB; TRAMETINIB	verified: class-level (MEK1/2 inhibitor)	mirdametinib, trametinib (approved)	PMID 32187457 - selumetinib in plexiform neurofibromas (MEK1/2)
ARAF|MAP2K2	True	True	True	MAP2K2	Approved Drug	18.0	SELUMETINIB (APPROVAL); TRAMETINIB DIMETHYL SULFOXIDE (APPROVAL); SELUMETINIB SULFATE (APPROVAL); TRAMETINIB (APPROVAL)	TRAMETINIB	verified: class-level (MEK1/2 inhibitor)	selumetinib, trametinib (approved)	PMID 32187457 - selumetinib in plexiform neurofibromas (MEK1/2)
ARAF|MAP2K5	False	False	False	MAP2K5	Structure with Ligand	0.0		BIX-02188	verified: weak (MEK5 inhibitor, thin primary literature)	BIX-02188 (probe)	PMID 26237966 - BIX-02188 used to block MEK5/ERK5 signalling
ARAF|NCL	True	False	True								
ARAF|NELFCD	True	False	True								
ARAF|NONO	True	False	True								
ARAF|NRAS	True	False	True	NRAS	Advanced Clinical	1.0	SALIRASIB (PHASE_2)		verified: class-level (pan-RAS farnesyl mimetic)	salirasib (phase 2)	PMID 29901113 - salirasib RAS inhibitor
ARAF|O43187	False	True	True								
ARAF|O43615	False	True	True								
ARAF|O94906	False	True	True								
ARAF|O95714	False	True	True								
ARAF|O95848	False	True	True								
ARAF|P00966	False	True	True								
ARAF|P31327	False	True	True								
ARAF|P3H1	True	False	True								
ARAF|P58753	False	True	True								
ARAF|PARP1	True	False	True								
ARAF|PRKDC	True	False	True								
ARAF|PRPF6	True	False	True								
ARAF|PSMC2	True	False	True								
ARAF|Q12805	False	True	True								
ARAF|Q13485	False	True	True								
ARAF|Q8IXH7	False	True	True								
ARAF|Q92985	False	True	True								
ARAF|Q96KB5	False	True	True								
ARAF|Q9UNS2	False	True	True								
ARAF|RABGGTB	False	True	True								
ARAF|RAF1	True	False	True	RAF1	Approved Drug	9.0	SORAFENIB TOSYLATE (APPROVAL); REGORAFENIB (APPROVAL); SORAFENIB (APPROVAL); TOVORAFENIB (APPROVAL)		verified: direct target	sorafenib tosylate (approved)	PMID 16890795 - Raf kinase as a therapeutic target
ARAF|RCN1	True	False	True								
ARAF|RCN2	True	False	True								
ARAF|RRAS	True	False	True								
ARAF|RRAS2	False	True	True								
ARAF|RUVBL1	True	False	True								
ARAF|SFN	True	True	True								
ARAF|SLC25A5	True	False	True								
ARAF|SOCS6	True	False	True								
ARAF|TCP1	True	False	True								
ARAF|TIMM44	True	False	True								
ARAF|TIMM50	True	True	True								
ARAF|TIRAP	True	False	True								
ARAF|TRIM21	True	False	True								
ARAF|TRIM28	True	False	True								
ARAF|TUBB6	True	False	True								
ARAF|UBA52	True	False	True								
ARAF|XPO1	True	False	True								
ARAF|YBX3	True	False	True								
ARAF|YWHAB	True	False	True								
ARAF|YWHAE	True	True	True								
ARAF|YWHAG	True	False	True								
ARAF|YWHAH	True	False	True								
ARAF|YWHAQ	True	False	True								
ARAF|YWHAZ	True	True	True								
ARAP1|GRB2	True	False	True								
ARC|KRAS	True	False	True								
ARF1|KRAS	True	False	True								
ARF4|EGFR	True	False	True								
ARF6|EGFR	True	False	True								
ARF6|KRAS	True	False	True								
ARHGAP12|GRB2	True	False	True								
ARHGAP1|EGFR	True	False	True								
ARHGAP1|KRAS	True	False	True								
ARHGAP21|KRAS	True	False	True								
ARHGAP31|KRAS	True	False	True								
ARHGAP32|KRAS	True	False	True								
ARHGAP35|GRB2	True	False	True								
ARHGAP9|GRB2	True	True	True								
ARHGEF35|GRB2	True	False	True								
ARHGEF5|EGFR	True	False	True								
ARHGEF5|GRB2	True	False	True								
ARHGEF7|EGFR	True	False	True								
ARL13B|KRAS	True	False	True								
ARL1|EGFR	True	False	True								
ARL1|RAF1	True	False	True								
ARL6IP4|GRB2	True	False	True								
ARL6IP5|KRAS	True	False	True								
ARMC8|EGFR	True	False	True								
ARRB1|EGFR	True	False	True								
ARRB2|EGFR	True	False	True								
AR|EGFR	True	False	True								
ASAP1|GRB2	True	False	True								
ASAP2|GRB2	True	False	True								
ASPH|RAF1	True	False	True								
ATAD3B|EGFR	True	False	True								
ATG101|RET	True	False	True								
ATP11A|KRAS	True	False	True								
ATP13A3|KRAS	True	False	True								
ATP1A1|EGFR	True	False	True								
ATP1A1|ERBB2	True	False	True								
ATP1A1|KRAS	True	False	True								
ATP2A2|EGFR	True	False	True								
ATP2B1|KRAS	True	False	True								
ATP2B4|KRAS	True	False	True								
ATP2B4|RAF1	True	False	True								
ATP5C1|EGFR	True	False	True								
ATP5F1A|EGFR	True	False	True								
ATP5F1A|KRAS	True	False	True								
ATP5F1B|KRAS	False	False	False	ATP5F1B	Structure with Ligand	0.0		APOPTOLIDIN	verified: direct target (complex subunit)	apoptolidin (probe)	PMID 34857958 - apoptolidin glycomacrolides inhibit ATP synthase
ATP5F1B|RAF1	True	False	True								
ATP6V1A|RAF1	True	False	True								
ATP6V1H|EGFR	True	False	True								
ATP7A|KRAS	True	False	True								
ATPAF1|PTPN11	True	False	True								
ATXN10|EGFR	True	False	True								
AUP1|KRAS	True	False	True								
AXL|EGFR	True	False	True								
AXL|GRB2	True	False	True								
B1AHC3|GRB2	False	True	True								
B4GALT1|EGFR	True	False	True								
B7ZLH0|GRB2	False	True	True								
BAD|RAF1	True	False	True								
BAG1|RAF1	True	False	True								
BAG2|MAP2K2	True	False	True								
BAG3|GRB2	True	False	True								
BAG5|EGFR	True	False	True								
BAIAP2L1|KRAS	True	False	True								
BAIAP2|EGFR	True	False	True								
BAIAP2|KRAS	True	False	True								
BAIAP2|RAF1	True	False	True								
BCAP31|EGFR	True	False	True								
BCAP31|KRAS	True	False	True								
BCAR1|GRB2	True	False	True								
BCL2L1|RAF1	True	False	True								
BCL2|RAF1	True	False	True								
BCLAF1|EGFR	True	False	True								
BCR|GRB2	True	False	True								
BCR|SOS1	True	False	True								
BDH1|RAF1	True	False	True								
BECN1|ERBB2	True	False	True								
BIN1|SOS1	True	False	True								
BLK|EGFR	True	False	True								
BLK|ERBB2	True	False	True								
BLNK|ERBB2	True	False	True								
BLNK|GRB2	True	True	True								
BMI1|MAP2K1	True	False	True								
BRAF|BRAF	True	True	True	BRAF	Approved Drug	18.0	SORAFENIB (APPROVAL); REGORAFENIB (APPROVAL); TOVORAFENIB (APPROVAL); DABRAFENIB MESYLATE (APPROVAL)	GDC-0879; P4B	verified: direct target	tovorafenib, sorafenib (approved)	PMID 36963492 - type II RAF inhibitor isoform selectivity
BRAF|CDC37	True	False	True								
BRAF|CRBN	True	False	True								
BRAF|DNAJB11	True	False	True								
BRAF|ENSG00000142208	False	False	False								
BRAF|FKBP5	True	False	True								
BRAF|HDLBP	True	False	True								
BRAF|HRAS	True	True	True	HRAS	Advanced Clinical	1.0	SALIRASIB (PHASE_2)		verified: direct target	salirasib (phase 2)	PMID 29901113 - HRAS as a target of salirasib
BRAF|HSP90AA1	True	False	True								
BRAF|HSP90AB1	True	True	True								
BRAF|HSPA1A	True	False	True								
BRAF|HSPA4	True	False	True								
BRAF|HSPA5	True	False	True								
BRAF|HSPA8	True	False	True								
BRAF|HSPA9	True	False	True								
BRAF|HSPB1	True	False	True								
BRAF|IQGAP1	True	True	True								
BRAF|ITCH	True	False	True								
BRAF|KRAS	True	False	True	BRAF	Approved Drug	18.0	SORAFENIB (APPROVAL); REGORAFENIB (APPROVAL); TOVORAFENIB (APPROVAL); DABRAFENIB MESYLATE (APPROVAL)	GDC-0879; P4B	verified: direct target	tovorafenib, sorafenib (approved)	PMID 36963492 - type II RAF inhibitor isoform selectivity
BRAF|KSR1	False	False	False	BRAF	Approved Drug	18.0	SORAFENIB (APPROVAL); REGORAFENIB (APPROVAL); TOVORAFENIB (APPROVAL); DABRAFENIB MESYLATE (APPROVAL)	GDC-0879; P4B	verified: direct target	tovorafenib, sorafenib (approved)	PMID 36963492 - type II RAF inhibitor isoform selectivity
BRAF|KSR2	False	False	False	BRAF	Approved Drug	18.0	SORAFENIB (APPROVAL); REGORAFENIB (APPROVAL); TOVORAFENIB (APPROVAL); DABRAFENIB MESYLATE (APPROVAL)	GDC-0879; P4B	verified: direct target	tovorafenib, sorafenib (approved)	PMID 36963492 - type II RAF inhibitor isoform selectivity
BRAF|MAP2K1	True	True	True	MAP2K1	Approved Drug	19.0	MIRDAMETINIB (APPROVAL); TRAMETINIB DIMETHYL SULFOXIDE (APPROVAL); BINIMETINIB (APPROVAL); COBIMETINIB (APPROVAL)	SELUMETINIB; TRAMETINIB	verified: class-level (MEK1/2 inhibitor)	mirdametinib, trametinib (approved)	PMID 32187457 - selumetinib in plexiform neurofibromas (MEK1/2)
BRAF|MAP2K2	True	True	True	MAP2K2	Approved Drug	18.0	SELUMETINIB (APPROVAL); TRAMETINIB DIMETHYL SULFOXIDE (APPROVAL); SELUMETINIB SULFATE (APPROVAL); TRAMETINIB (APPROVAL)	TRAMETINIB	verified: class-level (MEK1/2 inhibitor)	selumetinib, trametinib (approved)	PMID 32187457 - selumetinib in plexiform neurofibromas (MEK1/2)
BRAF|MAP2K7	True	False	True								
BRAF|MAP3K1	False	True	True								
BRAF|MAPK1	True	False	True								
BRAF|MAPK3	True	False	True								
BRAF|MAPKAP1	True	False	True								
BRAF|MRAS	False	False	False	BRAF	Approved Drug	18.0	SORAFENIB (APPROVAL); REGORAFENIB (APPROVAL); TOVORAFENIB (APPROVAL); DABRAFENIB MESYLATE (APPROVAL)	GDC-0879; P4B	verified: direct target	tovorafenib, sorafenib (approved)	PMID 36963492 - type II RAF inhibitor isoform selectivity
BRAF|NANOG	True	False	True								
BRAF|NEDD4L	True	False	True								
BRAF|NRAS	True	True	True								
BRAF|O00255	False	True	True								
BRAF|O14920	False	True	True								
BRAF|O14965	False	True	True								
BRAF|O15297	False	True	True								
BRAF|O43524	False	True	True								
BRAF|O75874	False	True	True								
BRAF|O95714	False	True	True								
BRAF|P04637	False	True	True								
BRAF|P07196	False	True	True								
BRAF|P16885	False	True	True								
BRAF|P17174	False	True	True								
BRAF|P18074	False	True	True								
BRAF|P21399	False	True	True								
BRAF|P25311	False	True	True								
BRAF|P27986	False	True	True								
BRAF|P27987	False	True	True								
BRAF|P28715	False	True	True								
BRAF|P29678	False	True	True								
BRAF|P31749	False	True	True								
BRAF|P35221	False	True	True								
BRAF|P40259	False	True	True								
BRAF|P40337	False	True	True								
BRAF|P42772	False	True	True								
BRAF|P48736	False	True	True								
BRAF|P49407	False	True	True								
BRAF|P49840	False	True	True								
BRAF|P57735	False	True	True								
BRAF|P61024	False	True	True								
BRAF|PPP2CA	True	False	True								
BRAF|PPP2R2A	True	False	True								
BRAF|Q02156	False	True	True								
BRAF|Q07817	False	True	True								
BRAF|Q07864	False	True	True								
BRAF|Q13114	False	True	True								
BRAF|Q13164	False	True	True								
BRAF|Q13618	False	True	True								
BRAF|Q14145	False	True	True								
BRAF|Q15349	False	True	True								
BRAF|Q15759	False	True	True								
BRAF|Q16254	False	True	True								
BRAF|Q16659	False	True	True								
BRAF|Q61097	False	True	True								
BRAF|Q6P1J9	False	True	True								
BRAF|Q7Z589	False	True	True								
BRAF|Q8CGE9	False	True	True								
BRAF|Q8IYM1	False	True	True								
BRAF|Q8N122	False	True	True								
BRAF|Q8WXI9	False	True	True								
BRAF|Q92560	False	True	True								
BRAF|Q92843	False	True	True								
BRAF|Q99N57	False	True	True								
BRAF|Q9BRP1	False	True	True								
BRAF|Q9GZV4	False	True	True								
BRAF|Q9NX70	False	True	True								
BRAF|Q9UMX1	False	True	True								
BRAF|RAF1	True	True	True	BRAF	Approved Drug	18.0	SORAFENIB (APPROVAL); REGORAFENIB (APPROVAL); TOVORAFENIB (APPROVAL); DABRAFENIB MESYLATE (APPROVAL)	GDC-0879; P4B	verified: direct target	tovorafenib, sorafenib (approved)	PMID 36963492 - type II RAF inhibitor isoform selectivity
BRAF|RALGDS	False	True	True								
BRAF|RAP1A	True	False	True								
BRAF|RAP1B	False	True	True								
BRAF|RPS6KB2	True	False	True								
BRAF|SFN	True	True	True								
BRAF|SPOP	True	False	True								
BRAF|SPRY2	True	False	True								
BRAF|UBE3C	True	False	True								
BRAF|YWHAB	True	True	True								
BRAF|YWHAE	True	True	True								
BRAF|YWHAG	True	False	True								
BRAF|YWHAH	True	False	True								
BRAF|YWHAQ	True	False	True								
BRAF|YWHAZ	True	True	True								
BRAP|KSR1	True	False	True								
BSG|KRAS	True	False	True								
BTK|GRB2	True	False	True	BTK	Approved Drug	24.0	PIRTOBRUTINIB (APPROVAL); ACALABRUTINIB (APPROVAL); ZANUBRUTINIB (APPROVAL); ORELABRUTINIB (APPROVAL)	CGI1746; DD-03-171; DGY-06-116; GDC-0834; IR-2; SPEBRUTINIB	verified: direct target	pirtobrutinib, acalabrutinib (approved)	PMID 33676628 - pirtobrutinib BRUIN phase 1/2
C19orf26|KRAS	True	False	True								
C19orf35|GRB2	True	False	True								
C1QBP|KRAS	True	False	True								
C2CD2L|KRAS	True	False	True								
CACHD1|KRAS	True	False	True								
CACYBP|RET	True	False	True								
CADM1|KRAS	True	False	True								
CAD|GRB2	True	False	True								
CALM1|EGFR	True	False	True								
CALM1|ERBB2	True	False	True								
CALM1|KRAS	True	False	True								
CALM3|EGFR	True	False	True								
CALM3|ERBB2	True	False	True								
CALM3|MET	True	False	True								
CALR|MET	True	False	True								
CALU|RAF1	True	False	True								
CAMLG|EGFR	True	False	True								
CAMLG|KRAS	True	False	True								
CAND2|EGFR	True	False	True								
CANX|EGFR	True	False	True								
CANX|ERBB2	True	False	True								
CANX|MET	True	False	True								
CANX|RET	True	False	True								
CASK|KRAS	True	False	True								
CAV1|EGFR	True	False	True								
CAV1|PTPN11	True	False	True								
CAV2|EGFR	True	False	True								
CAV3|EGFR	True	False	True								
CBLB|EGFR	True	False	True								
CBLB|GRB2	True	False	True								
CBLB|PTPN11	True	False	True								
CBLC|EGFR	True	False	True								
CBLC|RET	True	False	True								
CBL|EGFR	True	False	True								
CBL|ERBB2	True	False	True								
CBL|GRB2	True	False	True								
CBL|MET	True	False	True								
CBL|PTPN11	True	False	True								
CBL|RET	True	False	True								
CBL|SOS1	True	False	True								
CCDC47|KRAS	True	False	True								
CCDC88A|EGFR	True	False	True								
CCDC88A|KRAS	True	False	True								
CCNB1|RET	True	False	True								
CCNY|KRAS	True	False	True								
CCT3|ERBB2	True	False	True								
CCT3|RAF1	True	False	True								
CCT5|RAF1	True	False	True								
CCT7|KRAS	True	False	True								
CCT7|PTPN11	True	False	True								
CCT8|RAF1	True	False	True								
CD109|EGFR	True	False	True								
CD22|GRB2	True	False	True								
CD28|GRB2	True	False	True								
CD28|PTPN11	False	False	False	CD28	Structure with Ligand	2.0	TGN-1412 (PHASE_2); LULIZUMAB PEGOL (PHASE_2)		verified: direct target (superagonist antibody)	TGN-1412 (phase 2)	PMID 24412476 - cytokine release assays, TGN-1412 anti-CD28
CD2AP|GRB2	True	True	True								
CD33|PTPN11	True	False	True								
CD44|EGFR	True	False	True								
CD44|ERBB2	True	False	True	CD44		2.0	BIVATUZUMAB (PHASE_1); BIVATUZUMAB MERTANSINE (UNKNOWN)		verified: direct target (CD44v6 isoform)	bivatuzumab (phase 1)	PMID 15820944 - CD44v6 as an antibody target
CD44|KRAS	True	False	True								
CD59|EGFR	True	False	True								
CD81|EGFR	True	False	True								
CDC25A|EGFR	True	False	True								
CDC25A|RAF1	True	False	True								
CDC34|EGFR	True	False	True								
CDC37|EGFR	True	True	True								
CDC37|ERBB2	True	True	True								
CDC37|KSR2	False	True	True								
CDC37|MAP2K2	True	False	True								
CDC37|MET	True	False	True								
CDC37|RAF1	True	True	True								
CDC42BPA|KRAS	True	False	True								
CDC42BPB|KRAS	True	False	True								
CDC42EP1|KRAS	True	False	True								
CDC42EP4|KRAS	True	False	True								
CDC42|EGFR	True	False	True								
CDC42|GRB2	True	False	True								
CDC42|RET	True	False	True								
CDC73|PTPN11	True	False	True								
CDCA3|KRAS	True	False	True								
CDH1|EGFR	True	False	True								
CDH2|EGFR	True	False	True								
CDH2|ERBB2	True	False	True								
CDH5|EGFR	True	False	True								
CDK14|KRAS	True	False	True								
CDK16|KRAS	True	False	True								
CDK1|EGFR	True	False	True								
CDK4|RAF1	True	False	True								
CDKAL1|KRAS	True	False	True								
CDKN1B|GRB2	True	False	True								
CEACAM1|PTPN11	True	False	True								
CENPQ|RET	True	False	True								
CEP170|RAF1	True	False	True								
CEP19|MET	True	False	True								
CFLAR|RAF1	True	False	True								
CHCHD3|KRAS	True	False	True								
CHIA|EGFR	False	True	True								
CISH|EGFR	True	False	True								
CIT|RAF1	True	False	True								
CKAP4|KRAS	True	False	True								
CKB|RET	True	False	True								
CLCC1|KRAS	True	False	True								
CLCN7|KRAS	True	False	True								
CLDN1|KRAS	True	False	True								
CLTA|EGFR	True	False	True								
CLTC|GRB2	True	False	True								
CLU|RET	True	False	True								
CNNM3|KRAS	True	False	True								
CNP|KRAS	True	False	True								
COASY|PTPN11	True	False	True								
COPS3|SOS1	True	False	True								
COPS5|MAP2K2	True	False	True								
COX2|EGFR	True	False	True								
CPD|KRAS	True	False	True								
CPEB4|RAF1	True	False	True								
CPNE8|KRAS	True	False	True								
CRBN|RAF1	True	False	True								
CREB1|RET	True	False	True								
CRKL|EGFR	True	True	True								
CRKL|ERBB2	True	True	True								
CRKL|PTPN11	True	False	True								
CRKL|SOS1	True	False	True								
CRK|EGFR	True	False	True								
CRK|ERBB2	True	False	True								
CRK|GRB2	True	False	True								
CRK|MET	True	False	True								
CRK|PTPN11	True	False	True								
CRK|RET	True	False	True								
CRK|SOS1	True	False	True								
CRK|SOS2	True	False	True								
CSE1L|EGFR	True	False	True								
CSF1R|GRB2	True	False	True								
CSF2RB|PTPN11	True	False	True								
CSF3R|GRB2	True	False	True								
CSK|EGFR	True	False	True								
CSK|GRB2	True	False	True								
CSNK1G3|KRAS	True	False	True								
CTNNA1|EGFR	True	False	True								
CTNNA1|KRAS	True	False	True								
CTNNA1|MET	True	False	True								
CTNNB1|EGFR	True	False	True	CTNNB1	Structure with Ligand	1.0	PRI-724 (PHASE_2)		verified: partial (targets the CBP/beta-catenin interface, not beta-catenin alone)	PRI-724 (phase 2)	PMID 34038589 - inhibiting Wnt/beta-catenin in CTNNB1-mutant cancer
CTNNB1|ERBB2	True	False	True								
CTNNB1|KRAS	True	False	True								
CTNNB1|MET	True	False	True								
CTNNB1|RET	True	False	True								
CTNND1|EGFR	True	True	True								
CTNND1|KRAS	True	False	True								
CTNND1|MET	False	True	True								
CTR9|PTPN11	True	False	True								
CTSA|ERBB2	True	False	True								
CTSC|RAF1	True	False	True								
CTTN|EGFR	True	False	True								
CXADR|KRAS	True	False	True								
CYFIP1|KRAS	True	False	True								
CYLD|EGFR	True	False	True								
DAB2IP|EGFR	True	False	True								
DAB2IP|GRB2	True	False	True								
DAB2|GRB2	True	False	True								
DAG1|GRB2	True	False	True								
DAG1|KRAS	True	False	True								
DARS|RAF1	True	False	True								
DBN1|GRB2	True	False	True								
DCAF1|EGFR	True	False	True								
DCAF1|KSR1	False	False	False	DCAF1	Structure with Ligand	0.0		OICR-41103; OICR-8268	verified: direct target (chemical probe)	OICR-8268, OICR-41103	PMID 40683980 - OICR-41103 chemical probe for the DCAF1 WD40 domain
DCAF8|RAF1	True	False	True								
DCBLD1|KRAS	True	False	True								
DCN|EGFR	True	False	True								
DCN|MET	True	False	True								
DCTN1|GRB2	True	False	True								
DCUN1D3|KRAS	True	False	True								
DDB1|RAF1	True	False	True								
DDRGK1|KRAS	True	False	True								
DDX17|KRAS	True	False	True								
DDX5|EGFR	True	False	True								
DEPDC1B|KRAS	True	False	True								
DEPTOR|ERBB2	True	False	True								
DHCR7|RAF1	True	False	True								
DICER1|RAF1	True	False	True								
DIP2B|KRAS	True	False	True								
DLG1|KRAS	True	False	True								
DLG3|KRAS	True	False	True								
DLG4|ERBB2	True	False	True								
DLGAP1|GRB2	False	True	True								
DLGAP4|KRAS	True	False	True								
DNAAF5|EGFR	True	False	True								
DNAJA1|EGFR	True	False	True								
DNAJA2|EGFR	True	False	True								
DNAJA2|ERBB2	True	False	True								
DNAJA3|EGFR	True	False	True								
DNAJA3|MET	True	False	True								
DNAJB11|EGFR	True	False	True								
DNAJB11|ERBB2	True	False	True								
DNAJB11|MET	True	False	True								
DNAJC10|EGFR	True	False	True								
DNAJC16|EGFR	True	False	True								
DNAJC3|MET	True	False	True								
DNM1|GRB2	True	False	True								
DNM2|EGFR	True	False	True								
DNM2|GRB2	True	False	True								
DNM3|GRB2	True	False	True								
DOCK1|GRB2	True	True	True								
DOCK4|EGFR	True	False	True								
DOCK4|GRB2	True	False	True								
DOCK5|GRB2	True	False	True								
DOCK7|ERBB2	True	False	True								
DOCK9|KRAS	True	False	True								
DOK1|EGFR	True	False	True								
DOK1|RET	True	False	True								
DOK3|EGFR	True	False	True								
DOK5|RET	True	False	True								
DOLK|ERBB2	True	False	True								
DPM1|RAF1	True	False	True								
DSC2|KRAS	True	False	True								
DSC3|MET	True	False	True								
DSG1|RAF1	True	False	True								
DSG2|EGFR	True	False	True								
DSG2|KRAS	True	False	True								
DTNA|KRAS	True	False	True								
EBP|RAF1	True	False	True								
ECHS1|RAF1	True	False	True								
EED|EGFR	False	False	False	EED	Structure with Ligand	0.0		A-395; EED226; UNC6852	verified: direct target	A-395, EED226 (probes)	PMID 28135237 - A-395 EED protein-protein interaction inhibitor
EEF1A1|KRAS	True	False	True								
EEF1A1|RAF1	True	False	True								
EEF1G|EGFR	True	False	True								
EEF1G|ERBB2	True	False	True								
EEF2|KRAS	True	False	True								
EFNB1|KRAS	True	False	True								
EFNB2|KRAS	True	False	True								
EFNB3|KRAS	True	False	True								
EFR3A|KRAS	True	False	True								
EFR3B|KRAS	True	False	True								
EGFR|EGFR	True	True	True	EGFR	Approved Drug	82.0	AFATINIB (APPROVAL); CETUXIMAB SAROTALOCAN (APPROVAL); BRIGATINIB (APPROVAL); LAZERTINIB (APPROVAL)	AFATINIB; BI-4732; BI-8128; CANERTINIB; DDC-01-163; DDC-03-024-01; JBJ-04-125-02; LAPATINIB; SJF1528; WZ4002	verified: direct target	afatinib, osimertinib (approved)	PMID 23816960 - afatinib in EGFR-mutant lung adenocarcinoma
EGFR|EIF2B3	True	False	True								
EGFR|EIF2B5	True	False	True								
EGFR|EIF2S2	True	False	True								
EGFR|EIF4G2	True	False	True								
EGFR|EMD	True	False	True								
EGFR|ENO1	True	False	True								
EGFR|ENSG00000000938	False	False	False								
EGFR|ENSG00000008735	False	False	False								
EGFR|ENSG00000011465	False	False	False								
EGFR|ENSG00000012061	False	False	False								
EGFR|ENSG00000028528	False	False	False								
EGFR|ENSG00000034713	False	False	False								
EGFR|ENSG00000039068	False	False	False								
EGFR|ENSG00000043462	False	False	False								
EGFR|ENSG00000044115	False	False	False								
EGFR|ENSG00000050748	False	False	False								
EGFR|ENSG00000061273	False	False	False								
EGFR|ENSG00000064999	False	False	False								
EGFR|ENSG00000067182	False	False	False								
EGFR|ENSG00000067606	False	False	False								
EGFR|ENSG00000072135	False	False	False								
EGFR|ENSG00000080824	False	False	False								
EGFR|ENSG00000085733	False	False	False								
EGFR|ENSG00000087586	False	False	False								
EGFR|ENSG00000094631	False	False	False								
EGFR|ENSG00000100324	False	False	False								
EGFR|ENSG00000100351	False	False	False								
EGFR|ENSG00000101082	False	False	False								
EGFR|ENSG00000101213	False	False	False								
EGFR|ENSG00000101336	False	False	False								
EGFR|ENSG00000101558	False	False	False								
EGFR|ENSG00000102606	False	False	False								
EGFR|ENSG00000103266	False	False	False								
EGFR|ENSG00000103653	False	False	False								
EGFR|ENSG00000104814	False	False	False								
EGFR|ENSG00000105443	False	False	False								
EGFR|ENSG00000105613	False	False	False								
EGFR|ENSG00000105647	False	False	False								
EGFR|ENSG00000105701	False	False	False								
EGFR|ENSG00000105971	False	False	False								
EGFR|ENSG00000105974	False	False	False								
EGFR|ENSG00000106070	False	False	False								
EGFR|ENSG00000106211	False	False	False								
EGFR|ENSG00000106299	False	False	False								
EGFR|ENSG00000107295	False	False	False								
EGFR|ENSG00000109971	False	False	False								
EGFR|ENSG00000110395	False	False	False								
EGFR|ENSG00000111640	False	False	False								
EGFR|ENSG00000111816	False	False	False								
EGFR|ENSG00000112062	False	False	False								
EGFR|ENSG00000113013	False	False	False								
EGFR|ENSG00000113263	False	False	False								
EGFR|ENSG00000114737	False	False	False								
EGFR|ENSG00000115085	False	False	False								
EGFR|ENSG00000115325	False	False	False								
EGFR|ENSG00000115415	False	False	False								
EGFR|ENSG00000117152	False	False	False								
EGFR|ENSG00000117450	False	False	False								
EGFR|ENSG00000117461	False	False	False								
EGFR|ENSG00000123384	False	False	False								
EGFR|ENSG00000124942	False	False	False								
EGFR|ENSG00000125731	False	False	False								
EGFR|ENSG00000126561	False	False	False								
EGFR|ENSG00000127191	False	False	False								
EGFR|ENSG00000127947	False	False	False								
EGFR|ENSG00000130340	False	False	False								
EGFR|ENSG00000130402	False	False	False								
EGFR|ENSG00000131016	False	False	False								
EGFR|ENSG00000131171	False	False	False								
EGFR|ENSG00000132970	False	False	False								
EGFR|ENSG00000133056	False	False	False								
EGFR|ENSG00000133124	False	False	False								
EGFR|ENSG00000134853	False	False	False								
EGFR|ENSG00000135046	False	False	False								
EGFR|ENSG00000136205	False	False	False								
EGFR|ENSG00000136573	False	False	False								
EGFR|ENSG00000136810	False	False	False								
EGFR|ENSG00000137193	False	False	False								
EGFR|ENSG00000137462	False	False	False								
EGFR|ENSG00000137486	False	False	False								
EGFR|ENSG00000139625	False	False	False								
EGFR|ENSG00000140600	False	False	False								
EGFR|ENSG00000141480	False	False	False								
EGFR|ENSG00000142192	False	False	False								
EGFR|ENSG00000142208	False	False	False								
EGFR|ENSG00000143322	False	False	False								
EGFR|ENSG00000143933	False	False	False								
EGFR|ENSG00000145335	False	False	False								
EGFR|ENSG00000145675	False	False	False								
EGFR|ENSG00000146674	False	False	False								
EGFR|ENSG00000148053	False	False	False								
EGFR|ENSG00000148082	False	False	False								
EGFR|ENSG00000149177	False	False	False								
EGFR|ENSG00000151491	False	False	False								
EGFR|ENSG00000154229	False	False	False								
EGFR|ENSG00000154277	False	False	False								
EGFR|ENSG00000155926	False	False	False								
EGFR|ENSG00000157168	False	False	False								
EGFR|ENSG00000158402	False	False	False								
EGFR|ENSG00000160014	False	False	False								
EGFR|ENSG00000161203	False	False	False								
EGFR|ENSG00000163235	False	False	False								
EGFR|ENSG00000163697	False	False	False								
EGFR|ENSG00000164615	False	False	False								
EGFR|ENSG00000165527	False	False	False								
EGFR|ENSG00000165629	False	False	False								
EGFR|ENSG00000166598	False	False	False								
EGFR|ENSG00000167193	False	False	False								
EGFR|ENSG00000167552	False	False	False								
EGFR|ENSG00000167601	False	False	False								
EGFR|ENSG00000168374	False	False	False								
EGFR|ENSG00000168439	False	False	False								
EGFR|ENSG00000168610	False	False	False								
EGFR|ENSG00000169398	False	False	False								
EGFR|ENSG00000170248	False	False	False								
EGFR|ENSG00000170312	False	False	False								
EGFR|ENSG00000170581	False	False	False								
EGFR|ENSG00000170606	False	False	False								
EGFR|ENSG00000170677	False	False	False								
EGFR|ENSG00000171132	False	False	False								
EGFR|ENSG00000172757	False	False	False								
EGFR|ENSG00000175866	False	False	False								
EGFR|ENSG00000178078	False	False	False								
EGFR|ENSG00000178188	False	False	False								
EGFR|ENSG00000185499	False	False	False								
EGFR|ENSG00000185634	False	False	False								
EGFR|ENSG00000186868	False	False	False								
EGFR|ENSG00000196154	False	False	False								
EGFR|ENSG00000197122	False	False	False								
EGFR|ENSG00000197943	False	False	False								
EGFR|ENSG00000198399	False	False	False								
EGFR|ENSG00000198668	False	False	False								
EGFR|ENSG00000204388	False	False	False								
EGFR|ENSG00000204389	False	False	False								
EGFR|ENSG00000253729	False	False	False								
EGFR|ENSG00000254087	False	False	False								
EGFR|ENSG00000269335	False	False	False								
EGFR|EPHA2	True	False	True								
EGFR|EPN1	True	False	True								
EGFR|EPS15	True	False	True								
EGFR|EPS8	True	False	True								
EGFR|ERBB2	True	True	True	EGFR	Approved Drug	82.0	AFATINIB (APPROVAL); CETUXIMAB SAROTALOCAN (APPROVAL); BRIGATINIB (APPROVAL); LAZERTINIB (APPROVAL)	AFATINIB; BI-4732; BI-8128; CANERTINIB; DDC-01-163; DDC-03-024-01; JBJ-04-125-02; LAPATINIB; SJF1528; WZ4002	verified: direct target	afatinib, osimertinib (approved)	PMID 23816960 - afatinib in EGFR-mutant lung adenocarcinoma
EGFR|ERBB3	True	True	True	ERBB3	Approved Drug	17.0	PATRITUMAB DERUXTECAN (APPROVAL); VANDETANIB (APPROVAL); ZENOCUTUZUMAB (APPROVAL); POZIOTINIB (PHASE_3)		verified: direct target	patritumab deruxtecan (approved)	PMID 34548309 - patritumab deruxtecan (HER3-DXd)
EGFR|ERBB4	True	True	True								
EGFR|ERCC1	True	False	True								
EGFR|EREG	True	False	True								
EGFR|ERRFI1	True	True	True								
EGFR|ESR1	True	False	True								
EGFR|EXOC1	True	False	True								
EGFR|EZR	True	False	True								
EGFR|FAM129B	True	False	True								
EGFR|FANCD2	True	False	True								
EGFR|FAR1	True	False	True								
EGFR|FBXL2	True	False	True								
EGFR|FBXO6	True	False	True								
EGFR|FER	True	False	True								
EGFR|FES	True	False	True								
EGFR|FGD5	True	False	True								
EGFR|FGR	True	False	True								
EGFR|FLOT2	True	False	True								
EGFR|FN1	False	False	False								
EGFR|FOS	True	False	True								
EGFR|FRK	True	False	True								
EGFR|FRS2	True	False	True								
EGFR|GAB1	True	True	True								
EGFR|GAB2	False	True	True								
EGFR|GABRA2	True	False	True								
EGFR|GAPDH	True	False	True								
EGFR|GBF1	True	False	True								
EGFR|GEMIN4	True	False	True								
EGFR|GGA2	True	False	True								
EGFR|GGA3	True	False	True								
EGFR|GNAI3	True	False	True								
EGFR|GNAS	True	False	True								
EGFR|GRAP2	True	False	True								
EGFR|GRB10	True	False	True								
EGFR|GRB2	True	True	True								
EGFR|GRB7	True	False	True								
EGFR|GRIN2B	True	False	True								
EGFR|GSTP1	True	False	True								
EGFR|H1FX	True	False	True								
EGFR|H2AFX	True	False	True								
EGFR|HBEGF	True	False	True								
EGFR|HCK	True	False	True								
EGFR|HDAC6	True	False	True								
EGFR|HDAC7	True	False	True								
EGFR|HEATR3	True	False	True								
EGFR|HGS	True	False	True								
EGFR|HIP1	True	False	True								
EGFR|HIST2H2AA3	True	False	True								
EGFR|HLA	True	False	True								
EGFR|HNRNPA3	True	False	True								
EGFR|HNRNPH1	True	False	True								
EGFR|HRAS	True	False	True								
EGFR|HSP90AA1	True	False	True								
EGFR|HSP90AB1	True	True	True								
EGFR|HSP90B1	True	False	True								
EGFR|HSPA1A	True	False	True								
EGFR|HSPA1B	True	False	True								
EGFR|HSPA4	True	False	True								
EGFR|HSPA5	True	False	True								
EGFR|HSPA8	True	False	True								
EGFR|HSPA9	True	False	True								
EGFR|HSPB1	True	False	True								
EGFR|HUWE1	True	False	True								
EGFR|HYOU1	True	False	True								
EGFR|IARS1	True	False	True								
EGFR|ICAM1	True	False	True								
EGFR|IGF1R	True	False	True								
EGFR|IGFBP2	True	False	True								
EGFR|IGKC	True	False	True								
EGFR|IKBKG	True	False	True								
EGFR|IL13RA2	True	False	True								
EGFR|INPPL1	True	False	True								
EGFR|INSR	True	False	True								
EGFR|IPO11	True	False	True								
EGFR|IPO5	True	False	True								
EGFR|IPO7	True	False	True								
EGFR|IPO9	True	False	True								
EGFR|IQGAP1	True	True	True								
EGFR|IRS4	True	False	True								
EGFR|ITCH	True	False	True								
EGFR|ITGB1	True	False	True								
EGFR|ITGB2	True	False	True								
EGFR|ITIH2	True	False	True								
EGFR|ITK	True	False	True								
EGFR|ITSN2	True	False	True								
EGFR|JAK2	True	False	True								
EGFR|JUP	True	True	True								
EGFR|KAT7	False	False	False	KAT7	Structure with Ligand	0.0		WM-3835	verified: direct target	WM-3835 (probe)	PMID 36709328 - first-in-class HBO1 (KAT7) inhibitor WM-3835
EGFR|KEAP1	True	False	True								
EGFR|KIAA1429	True	False	True								
EGFR|KIAA1524	True	False	True								
EGFR|KIF1A	True	False	True								
EGFR|KPNB1	True	False	True								
EGFR|KRAS	True	False	True								
EGFR|KSR2	True	False	True								
EGFR|LAT	True	True	True								
EGFR|LCP2	True	False	True								
EGFR|LDLR	True	False	True								
EGFR|LGALS1	True	False	True								
EGFR|LGALS3	True	False	True								
EGFR|LIMA1	True	False	True								
EGFR|LINC01139	True	False	True								
EGFR|LMNA	True	False	True								
EGFR|LONP1	True	False	True								
EGFR|LRIG1	True	True	True								
EGFR|LRP1	True	False	True								
EGFR|LRP8	True	False	True								
EGFR|LRRK1	True	True	True								
EGFR|LSR	True	False	True								
EGFR|LTK	True	False	True								
EGFR|LTN1	True	False	True								
EGFR|LYN	True	False	True								
EGFR|LZTS2	True	False	True								
EGFR|MAP3K12	True	False	True								
EGFR|MAP3K3	True	False	True								
EGFR|MAP4K1	True	False	True								
EGFR|MAP4K5	True	False	True								
EGFR|MAPK14	True	False	True								
EGFR|MAPK8	True	False	True								
EGFR|MAPK8IP2	True	False	True								
EGFR|MAPK9	True	False	True								
EGFR|MAPKAP1	True	False	True								
EGFR|MAPT	True	False	True								
EGFR|MBIP	True	False	True								
EGFR|MET	True	True	True								
EGFR|MICB	True	False	True								
EGFR|MMRN2	True	False	True								
EGFR|MMS19	True	False	True								
EGFR|MON2	True	False	True								
EGFR|MRTO4	True	False	True								
EGFR|MUC1	True	False	True								
EGFR|MYO9A	True	False	True								
EGFR|NCDN	True	False	True								
EGFR|NCK1	True	True	True								
EGFR|NCK2	True	False	True								
EGFR|NCL	True	False	True								
EGFR|NEDD4	True	False	True								
EGFR|NEDD4L	True	False	True								
EGFR|NF1	True	False	True								
EGFR|NF2	True	False	True								
EGFR|NGLY1	True	False	True								
EGFR|NOTCH2	True	False	True	NOTCH2	Med-Quality Pocket	1.0	TAREXTUMAB (PHASE_2)		verified: direct target	tarextumab (phase 2)	PMID 25934888 - Notch2/Notch3 antagonist tarextumab
EGFR|NR3C1	True	True	True								
EGFR|NRG1	True	False	True								
EGFR|NTPCR	True	False	True								
EGFR|NTRK1	True	False	True								
EGFR|NUMB	True	False	True								
EGFR|NUMBL	True	False	True								
EGFR|NUP93	True	False	True								
EGFR|O00170	False	True	True								
EGFR|O00213	False	True	True								
EGFR|O00459	False	True	True								
EGFR|O00750	False	True	True								
EGFR|O14654	False	True	True								
EGFR|O14944	False	True	True								
EGFR|O14965	False	True	True								
EGFR|O43752	False	True	True								
EGFR|O60493	False	True	True								
EGFR|O60603	False	True	True								
EGFR|O75563	False	True	True								
EGFR|O75674	False	True	True								
EGFR|O75791	False	True	True								
EGFR|O94898	False	True	True								
EGFR|O95704	False	True	True								
EGFR|OCLN	True	False	True								
EGFR|ODF3L2	True	False	True								
EGFR|OS9	True	False	True								
EGFR|P01135	False	True	True								
EGFR|P03372	False	True	True								
EGFR|P04083	False	True	True								
EGFR|P04406	False	True	True								
EGFR|P06493	False	True	True								
EGFR|P07355	False	True	True								
EGFR|P07900	False	True	True								
EGFR|P07947	False	True	True								
EGFR|P07948	False	True	True								
EGFR|P07992	False	True	True								
EGFR|P08107	False	True	True								
EGFR|P08575	False	True	True								
EGFR|P08631	False	True	True								
EGFR|P09769	False	True	True								
EGFR|P09936	False	True	True								
EGFR|P0DTC2	False	True	True								
EGFR|P10599	False	True	True								
EGFR|P11142	False	True	True								
EGFR|P12830	False	True	True								
EGFR|P12931	False	True	True								
EGFR|P13866	False	True	True								
EGFR|P14174	False	True	True								
EGFR|P15311	False	True	True								
EGFR|P15941	False	True	True								
EGFR|P16234	False	True	True								
EGFR|P16885	False	True	True								
EGFR|P17174	False	True	True								
EGFR|P17252	False	True	True								
EGFR|P17936	False	True	True								
EGFR|P20417	False	True	True								
EGFR|P22681	False	True	True								
EGFR|P22682	False	True	True								
EGFR|P23467	False	True	True								
EGFR|P23470	False	True	True								
EGFR|P23528	False	True	True								
EGFR|P26447	False	True	True								
EGFR|P27986	False	True	True								
EGFR|P30530	False	True	True								
EGFR|P31749	False	True	True								
EGFR|P31948	False	True	True								
EGFR|P32121	False	True	True								
EGFR|P34932	False	True	True								
EGFR|P35813	False	True	True								
EGFR|P38646	False	True	True								
EGFR|P40763	False	True	True								
EGFR|P42224	False	True	True								
EGFR|P42229	False	True	True								
EGFR|P42684	False	True	True								
EGFR|P43403	False	True	True								
EGFR|P43405	False	True	True								
EGFR|P46108	False	True	True								
EGFR|P46934	False	True	True								
EGFR|P47869	False	True	True								
EGFR|P49069	False	True	True								
EGFR|P49407	False	True	True								
EGFR|P49418	False	True	True								
EGFR|P49757	False	True	True								
EGFR|P51451	False	True	True								
EGFR|P51636	False	True	True								
EGFR|P60520	False	True	True								
EGFR|P61619	False	True	True								
EGFR|P62158	False	True	True								
EGFR|P62161	False	True	True								
EGFR|P97313	False	True	True								
EGFR|P98077	False	True	True								
EGFR|PAK1	True	False	True								
EGFR|PARP1	True	False	True								
EGFR|PCNA	True	False	True								
EGFR|PDCD1	True	False	True								
EGFR|PDGFRA	True	False	True								
EGFR|PDGFRB	True	False	True								
EGFR|PELI1	True	False	True								
EGFR|PFKFB3	True	False	True								
EGFR|PFKL	True	False	True								
EGFR|PFKP	True	False	True								
EGFR|PHLDA1	True	False	True								
EGFR|PICALM	True	False	True								
EGFR|PIK3C2B	True	False	True								
EGFR|PIK3CA	True	False	True								
EGFR|PIK3CB	True	False	True								
EGFR|PIK3R1	True	False	True								
EGFR|PIK3R2	True	False	True								
EGFR|PIK3R3	True	False	True								
EGFR|PIM1	True	False	True								
EGFR|PLCG1	True	True	True								
EGFR|PLCG2	True	False	True								
EGFR|PLK1	True	False	True								
EGFR|PLSCR1	True	False	True								
EGFR|PML	True	False	True								
EGFR|PON2	True	False	True								
EGFR|PPARG	True	False	True								
EGFR|PPM1A	True	False	True								
EGFR|PRDX1	True	False	True								
EGFR|PRKACA	True	False	True								
EGFR|PRKCA	True	False	True								
EGFR|PRKCE	True	False	True								
EGFR|PRKCZ	True	False	True								
EGFR|PRKDC	True	False	True								
EGFR|PRNP	True	False	True								
EGFR|PTEN	True	False	True								
EGFR|PTK2	True	False	True								
EGFR|PTK2B	True	False	True								
EGFR|PTK6	True	False	True								
EGFR|PTPN1	True	True	True								
EGFR|PTPN11	True	True	True								
EGFR|PTPN12	True	False	True								
EGFR|PTPN18	True	False	True								
EGFR|PTPN2	True	False	True								
EGFR|PTPN20B	True	False	True								
EGFR|PTPN22	True	True	True								
EGFR|PTPN23	True	False	True								
EGFR|PTPN6	True	False	True								
EGFR|PTPRA	True	True	True								
EGFR|PTPRB	True	False	True								
EGFR|PTPRF	True	False	True								
EGFR|PTPRH	True	False	True								
EGFR|PTPRJ	True	False	True								
EGFR|PTPRK	True	False	True								
EGFR|PTPRT	True	False	True								
EGFR|Q01973	False	True	True								
EGFR|Q02952	False	True	True								
EGFR|Q03135	False	True	True								
EGFR|Q05209	False	True	True								
EGFR|Q05397	False	True	True								
EGFR|Q09666	False	True	True								
EGFR|Q10567	False	True	True								
EGFR|Q12852	False	True	True								
EGFR|Q12929	False	True	True								
EGFR|Q12933	False	True	True								
EGFR|Q13094	False	True	True								
EGFR|Q13239	False	True	True								
EGFR|Q13322	False	True	True								
EGFR|Q13387	False	True	True								
EGFR|Q13438	False	True	True								
EGFR|Q13451	False	True	True								
EGFR|Q13882	False	True	True								
EGFR|Q13885	False	True	True								
EGFR|Q14247	False	True	True								
EGFR|Q14318	False	True	True								
EGFR|Q14457	False	True	True								
EGFR|Q14956	False	True	True								
EGFR|Q15109	False	True	True								
EGFR|Q15750	False	True	True								
EGFR|Q16620	False	True	True								
EGFR|Q53FC7	False	True	True								
EGFR|Q68CZ2	False	True	True								
EGFR|Q6PK50	False	True	True								
EGFR|Q6PKX4	False	True	True								
EGFR|Q6S5L8	False	True	True								
EGFR|Q6UW88	False	True	True								
EGFR|Q71U36	False	True	True								
EGFR|Q7L591	False	True	True								
EGFR|Q7Z7G1	False	True	True								
EGFR|Q80U62	False	True	True								
EGFR|Q86VI4	False	True	True								
EGFR|Q8IZW8	False	True	True								
EGFR|Q8K424	False	True	True								
EGFR|Q8NBJ4	False	True	True								
EGFR|Q8TEY7	False	True	True								
EGFR|Q8WUI4	False	True	True								
EGFR|Q8WXI2	False	True	True								
EGFR|Q92569	False	True	True								
EGFR|Q92622	False	True	True								
EGFR|Q92625	False	True	True								
EGFR|Q92731	False	True	True								
EGFR|Q92870	False	True	True								
EGFR|Q96A65	False	True	True								
EGFR|Q96BE0	False	True	True								
EGFR|Q96CW1	False	True	True								
EGFR|Q96FE5	False	True	True								
EGFR|Q99075	False	True	True								
EGFR|Q9BRG2	False	True	True								
EGFR|Q9BRK4	False	True	True								
EGFR|Q9BXH1	False	True	True								
EGFR|Q9BXW9	False	True	True								
EGFR|Q9HD43	False	True	True								
EGFR|Q9NRF2	False	True	True								
EGFR|Q9NS73	False	True	True								
EGFR|Q9NSE2	False	True	True								
EGFR|Q9NZM3	False	True	True								
EGFR|Q9P0L0	False	True	True								
EGFR|Q9QZC5	False	True	True								
EGFR|Q9UBN7	False	True	True								
EGFR|Q9UJ41	False	True	True								
EGFR|Q9UKG1	False	True	True								
EGFR|Q9UKV8	False	True	True								
EGFR|Q9UNE7	False	True	True								
EGFR|Q9UPY6	False	True	True								
EGFR|Q9UQB8	False	True	True								
EGFR|Q9UQF2	False	True	True								
EGFR|Q9Y2H9	False	True	True								
EGFR|Q9Y490	False	True	True								
EGFR|Q9Y6A5	False	True	True								
EGFR|Q9Y6Q6	False	True	True								
EGFR|Q9Y6R0	False	True	True								
EGFR|RAB18	True	False	True								
EGFR|RAB31	True	False	True								
EGFR|RAB4A	True	False	True								
EGFR|RAB5A	True	False	True								
EGFR|RABGEF1	True	False	True								
EGFR|RAC1	True	False	True								
EGFR|RAF1	True	True	True								
EGFR|RAPGEF1	True	False	True								
EGFR|RAPH1	False	True	True								
EGFR|RASA1	True	True	True								
EGFR|RASGRF1	True	False	True								
EGFR|RBM10	True	False	True								
EGFR|RBM25	True	False	True								
EGFR|RCN2	True	False	True								
EGFR|RET	True	False	True								
EGFR|RGS16	True	False	True								
EGFR|RGS4	True	False	True								
EGFR|RHOA	True	False	True								
EGFR|RHOB	True	False	True								
EGFR|RIN1	True	True	True								
EGFR|RIOK1	True	False	True								
EGFR|RLIM	True	False	True								
EGFR|RNF115	True	False	True								
EGFR|RNF126	True	False	True								
EGFR|RNF144A	True	False	True								
EGFR|RPN1	True	False	True								
EGFR|RPS6KA3	True	False	True								
EGFR|RQCD1	True	False	True								
EGFR|RRAD	True	False	True								
EGFR|S100A4	True	False	True								
EGFR|S100A9	True	False	True								
EGFR|SAAL1	True	False	True								
EGFR|SEC61A1	True	False	True								
EGFR|SEC61B	True	False	True								
EGFR|SEL1L	True	True	True								
EGFR|SFN	True	True	True								
EGFR|SGPL1	True	False	True								
EGFR|SH2B1	True	False	True								
EGFR|SH2B3	True	True	True								
EGFR|SH2D1A	True	False	True								
EGFR|SH2D2A	True	False	True								
EGFR|SH2D3A	True	False	True								
EGFR|SH2D3C	True	False	True								
EGFR|SH3GL2	True	False	True								
EGFR|SH3GL3	True	False	True								
EGFR|SH3KBP1	True	False	True								
EGFR|SHC1	True	True	True								
EGFR|SHC2	True	False	True								
EGFR|SHC3	True	False	True								
EGFR|SHC4	True	False	True								
EGFR|SKAP2	True	False	True								
EGFR|SLA	True	False	True								
EGFR|SLA2	True	False	True								
EGFR|SLC39A10	True	False	True								
EGFR|SLC39A11	True	False	True								
EGFR|SLC39A7	True	False	True								
EGFR|SLC3A2	True	False	True								
EGFR|SLITRK3	True	False	True								
EGFR|SMC2	True	False	True								
EGFR|SMURF2	True	False	True								
EGFR|SNX2	True	False	True								
EGFR|SNX9	True	False	True								
EGFR|SOCS1	True	False	True								
EGFR|SOCS3	True	False	True								
EGFR|SOCS5	True	False	True								
EGFR|SOCS6	True	False	True								
EGFR|SOS1	True	True	True	EGFR	Approved Drug	82.0	AFATINIB (APPROVAL); CETUXIMAB SAROTALOCAN (APPROVAL); BRIGATINIB (APPROVAL); LAZERTINIB (APPROVAL)	AFATINIB; BI-4732; BI-8128; CANERTINIB; DDC-01-163; DDC-03-024-01; JBJ-04-125-02; LAPATINIB; SJF1528; WZ4002	verified: direct target	afatinib, osimertinib (approved)	PMID 23816960 - afatinib in EGFR-mutant lung adenocarcinoma
EGFR|SOS2	True	False	True	EGFR	Approved Drug	82.0	AFATINIB (APPROVAL); CETUXIMAB SAROTALOCAN (APPROVAL); BRIGATINIB (APPROVAL); LAZERTINIB (APPROVAL)	AFATINIB; BI-4732; BI-8128; CANERTINIB; DDC-01-163; DDC-03-024-01; JBJ-04-125-02; LAPATINIB; SJF1528; WZ4002	verified: direct target	afatinib, osimertinib (approved)	PMID 23816960 - afatinib in EGFR-mutant lung adenocarcinoma
EGFR|SOX2	True	False	True								
EGFR|SPTLC1	True	False	True								
EGFR|SRC	True	False	True								
EGFR|SRPR	True	False	True								
EGFR|SSR4	True	False	True								
EGFR|STAM2	True	False	True								
EGFR|STAP2	True	False	True								
EGFR|STAT1	True	False	True								
EGFR|STAT2	True	False	True								
EGFR|STAT3	True	False	True								
EGFR|STAT5A	True	False	True								
EGFR|STAT5B	True	False	True								
EGFR|STK4	True	False	True								
EGFR|STUB1	True	False	True								
EGFR|SYK	True	False	True								
EGFR|TAB1	True	False	True								
EGFR|TACC3	True	False	True								
EGFR|TECR	True	False	True								
EGFR|TFRC	True	False	True								
EGFR|TGFA	True	False	True								
EGFR|TGFB1	True	False	True								
EGFR|TIMM50	True	False	True								
EGFR|TLR2	True	False	True								
EGFR|TNFRSF10B	True	False	True								
EGFR|TNFRSF11A	True	False	True								
EGFR|TNFRSF1A	True	False	True								
EGFR|TNIK	True	False	True								
EGFR|TNK2	True	False	True								
EGFR|TNPO2	True	False	True								
EGFR|TNPO3	True	False	True								
EGFR|TNS3	True	False	True								
EGFR|TNS4	True	False	True								
EGFR|TRAF2	True	False	True								
EGFR|TRAF4	True	False	True								
EGFR|TRAPPC3	True	False	True								
EGFR|TRPV1	True	False	True								
EGFR|TSG101	True	False	True								
EGFR|TUBA1A	True	False	True								
EGFR|TUBB2A	True	False	True								
EGFR|TUBB6	True	False	True								
EGFR|TXN	True	False	True								
EGFR|UBASH3A	True	False	True								
EGFR|UBASH3B	True	False	True								
EGFR|UBC	True	False	True								
EGFR|UCHL1	True	False	True								
EGFR|UGGT1	True	False	True								
EGFR|USP33	True	False	True								
EGFR|USP8	True	False	True								
EGFR|UTP15	True	False	True								
EGFR|VAPA	True	False	True								
EGFR|VAV2	True	False	True								
EGFR|VAV3	True	False	True								
EGFR|Vav1	True	False	True								
EGFR|WASF3	True	False	True								
EGFR|WASL	True	False	True								
EGFR|WDR6	True	False	True								
EGFR|WWP1	True	False	True								
EGFR|XIAP	True	False	True								
EGFR|XPO1	True	False	True								
EGFR|XPO4	True	False	True								
EGFR|XPO7	True	False	True								
EGFR|XPOT	True	False	True								
EGFR|XRN2	True	False	True								
EGFR|YAP1	True	False	True								
EGFR|YES1	True	False	True								
EGFR|YWHAB	True	False	True								
EGFR|YWHAQ	True	True	True								
EGFR|YWHAZ	True	True	True								
EGFR|ZAP70	True	False	True								
EGFR|ZC3HAV1	True	False	True								
EGFR|ZFYVE16	True	False	True								
EGF|EGFR	True	True	True								
EGLN3|ERBB2	False	False	False	EGLN3	Approved Drug	4.0	MOLIDUSTAT (APPROVAL); DAPRODUSTAT (APPROVAL); ROXADUSTAT (APPROVAL); VADADUSTAT (APPROVAL)		verified: class-level (pan-HIF prolyl hydroxylase, not PHD3-selective)	molidustat, roxadustat (approved)	PMID 36988549 - HIF-PHD inhibitors in CKD anaemia
EHBP1|KRAS	True	False	True								
EHD1|KRAS	True	False	True								
EIF3D|KRAS	True	False	True								
EIF3E|KRAS	True	False	True								
EIF4E|MET	True	False	True								
EIF4G2|KRAS	True	False	True								
ELAVL1|KRAS	True	False	True								
ELMO2|GRB2	True	False	True								
EMD|KRAS	True	False	True								
EMD|MET	True	False	True								
EMD|RAF1	True	False	True								
ENO1|KRAS	True	False	True								
ENSG00000002330|RAF1	False	False	False								
ENSG00000003402|RAF1	False	False	False								
ENSG00000010017|MET	False	False	False								
ENSG00000010017|RAF1	False	False	False								
ENSG00000010810|ERBB2	False	False	False								
ENSG00000010810|SOS1	False	False	False								
ENSG00000011566|GRB2	False	False	False								
ENSG00000043462|GRB2	False	False	False								
ENSG00000044574|GRB2	False	False	False								
ENSG00000050327|GRB2	False	False	False								
ENSG00000066468|GRB2	False	False	False								
ENSG00000071127|GRB2	False	False	False								
ENSG00000072135|ERBB2	False	False	False								
ENSG00000072201|PTPN11	False	False	False								
ENSG00000072818|GRB2	False	False	False								
ENSG00000074966|GRB2	False	False	False								
ENSG00000075711|MAP2K2	False	False	False								
ENSG00000078018|GRB2	False	False	False								
ENSG00000078269|GRB2	False	False	False								
ENSG00000079805|GRB2	False	False	False								
ENSG00000080824|ERBB2	False	False	False								
ENSG00000080824|KSR2	False	False	False								
ENSG00000080824|RAF1	False	False	False								
ENSG00000089159|PTPN11	False	False	False								
ENSG00000089220|RAF1	False	False	False								
ENSG00000092199|GRB2	False	False	False								
ENSG00000092445|GRB2	False	False	False								
ENSG00000092820|ERBB2	False	False	False								
ENSG00000096060|KSR2	False	False	False								
ENSG00000100345|GRB2	False	False	False								
ENSG00000100351|ERBB2	False	False	False								
ENSG00000100393|GRB2	False	False	False								
ENSG00000101213|ERBB2	False	False	False								
ENSG00000101255|GRB2	False	False	False								
ENSG00000101336|SOS1	False	False	False								
ENSG00000101966|RAF1	False	False	False								
ENSG00000102981|GRB2	False	False	False								
ENSG00000103266|RAF1	False	False	False								
ENSG00000103479|RAF1	False	False	False								
ENSG00000104611|GRB2	False	False	False								
ENSG00000104814|GRB2	False	False	False								
ENSG00000104897|GRB2	False	False	False								
ENSG00000105647|ERBB2	False	False	False								
ENSG00000105647|GRB2	False	False	False								
ENSG00000106070|MAP2K1	False	False	False								
ENSG00000106070|RAF1	False	False	False								
ENSG00000106070|RET	False	False	False								
ENSG00000106299|GRB2	False	False	False								
ENSG00000106541|GRB2	False	False	False								
ENSG00000106615|RAF1	False	False	False								
ENSG00000106976|GRB2	False	False	False								
ENSG00000107262|RAF1	False	False	False								
ENSG00000107957|SOS1	False	False	False								
ENSG00000108262|GRB2	False	False	False								
ENSG00000109270|MAP2K1	False	False	False								
ENSG00000110148|PTPN11	False	False	False								
ENSG00000110395|GRB2	False	False	False								
ENSG00000110395|MET	False	False	False								
ENSG00000110711|RET	False	False	False								
ENSG00000111276|GRB2	False	False	False								
ENSG00000111725|GRB2	False	False	False								
ENSG00000112290|GRB2	False	False	False								
ENSG00000112312|PTPN11	False	False	False								
ENSG00000112964|GRB2	False	False	False								
ENSG00000113209|GRB2	False	False	False								
ENSG00000113721|PTPN11	False	False	False								
ENSG00000113721|RAF1	False	False	False								
ENSG00000113758|GRB2	False	False	False								
ENSG00000113851|GRB2	False	False	False								
ENSG00000114354|GRB2	False	False	False								
ENSG00000114423|GRB2	False	False	False								
ENSG00000115053|GRB2	False	False	False								
ENSG00000115306|GRB2	False	False	False								
ENSG00000115325|RET	False	False	False								
ENSG00000115415|ERBB2	False	False	False								
ENSG00000115866|GRB2	False	False	False								
ENSG00000115935|GRB2	False	False	False								
ENSG00000116678|PTPN11	False	False	False								
ENSG00000117461|GRB2	False	False	False								
ENSG00000118579|GRB2	False	False	False								
ENSG00000119535|GRB2	False	False	False								
ENSG00000120899|ERBB2	False	False	False								
ENSG00000120899|PTPN11	False	False	False								
ENSG00000121022|MAP2K2	False	False	False								
ENSG00000121774|GRB2	False	False	False								
ENSG00000122257|GRB2	False	False	False								
ENSG00000124356|GRB2	False	False	False								
ENSG00000124678|MAP2K1	False	False	False								
ENSG00000125498|PTPN11	False	False	False								
ENSG00000127423|GRB2	False	False	False								
ENSG00000127947|ERBB2	False	False	False								
ENSG00000128512|GRB2	False	False	False								
ENSG00000130950|GRB2	False	False	False								
ENSG00000131061|GRB2	False	False	False								
ENSG00000132406|GRB2	False	False	False								
ENSG00000132535|ERBB2	False	False	False								
ENSG00000133056|GRB2	False	False	False								
ENSG00000133639|GRB2	False	False	False								
ENSG00000134198|GRB2	False	False	False								
ENSG00000136068|GRB2	False	False	False								
ENSG00000136158|GRB2	False	False	False								
ENSG00000137288|GRB2	False	False	False								
ENSG00000138698|KRAS	False	False	False								
ENSG00000138814|GRB2	False	False	False								
ENSG00000139083|GRB2	False	False	False								
ENSG00000139637|GRB2	False	False	False								
ENSG00000139687|GRB2	False	False	False								
ENSG00000139687|RAF1	False	False	False								
ENSG00000140443|PTPN11	False	False	False								
ENSG00000141441|GRB2	False	False	False								
ENSG00000141738|ERBB2	False	False	False								
ENSG00000141738|RET	False	False	False								
ENSG00000142208|RAF1	False	False	False								
ENSG00000143322|GRB2	False	False	False								
ENSG00000143368|GRB2	False	False	False								
ENSG00000143933|KRAS	False	False	False								
ENSG00000145358|GRB2	False	False	False								
ENSG00000145623|ERBB2	False	False	False								
ENSG00000145675|ERBB2	False	False	False								
ENSG00000145675|GRB2	False	False	False								
ENSG00000145675|SOS1	False	False	False								
ENSG00000148735|GRB2	False	False	False								
ENSG00000149532|GRB2	False	False	False								
ENSG00000151693|GRB2	False	False	False								
ENSG00000153071|GRB2	False	False	False								
ENSG00000153317|GRB2	False	False	False								
ENSG00000154928|GRB2	False	False	False								
ENSG00000155629|GRB2	False	False	False								
ENSG00000156603|GRB2	False	False	False								
ENSG00000157404|GRB2	False	False	False								
ENSG00000157404|PTPN11	False	False	False								
ENSG00000158792|GRB2	False	False	False								
ENSG00000160014|KRAS	False	False	False								
ENSG00000160050|GRB2	False	False	False								
ENSG00000160185|SOS1	False	False	False								
ENSG00000161405|GRB2	False	False	False								
ENSG00000162692|GRB2	False	False	False								
ENSG00000162692|PTPN11	False	False	False								
ENSG00000162761|GRB2	False	False	False								
ENSG00000163126|GRB2	False	False	False								
ENSG00000163138|GRB2	False	False	False								
ENSG00000163625|GRB2	False	False	False								
ENSG00000164185|GRB2	False	False	False								
ENSG00000165119|GRB2	False	False	False								
ENSG00000165119|MAP2K2	False	False	False								
ENSG00000165280|GRB2	False	False	False								
ENSG00000165458|MET	False	False	False								
ENSG00000166689|GRB2	False	False	False								
ENSG00000167193|GRB2	False	False	False								
ENSG00000167193|MET	False	False	False								
ENSG00000167193|RET	False	False	False								
ENSG00000167193|SOS1	False	False	False								
ENSG00000167193|SOS2	False	False	False								
ENSG00000167601|GRB2	False	False	False								
ENSG00000167987|GRB2	False	False	False								
ENSG00000168610|ERBB2	False	False	False								
ENSG00000168610|RET	False	False	False								
ENSG00000169398|ERBB2	False	False	False								
ENSG00000169398|GRB2	False	False	False								
ENSG00000170248|GRB2	False	False	False								
ENSG00000170421|GRB2	False	False	False								
ENSG00000171475|GRB2	False	False	False								
ENSG00000171552|RAF1	False	False	False								
ENSG00000171791|RAF1	False	False	False								
ENSG00000172530|MAP2K1	False	False	False								
ENSG00000174405|MAP2K2	False	False	False								
ENSG00000174842|MET	False	False	False								
ENSG00000177791|GRB2	False	False	False								
ENSG00000177842|GRB2	False	False	False								
ENSG00000178188|GRB2	False	False	False								
ENSG00000178498|GRB2	False	False	False								
ENSG00000179168|GRB2	False	False	False								
ENSG00000180008|GRB2	False	False	False								
ENSG00000182196|GRB2	False	False	False								
ENSG00000182578|GRB2	False	False	False								
ENSG00000183091|SOS1	False	False	False								
ENSG00000183690|GRB2	False	False	False								
ENSG00000185338|MET	False	False	False								
ENSG00000185499|GRB2	False	False	False								
ENSG00000186716|GRB2	False	False	False								
ENSG00000186951|GRB2	False	False	False								
ENSG00000189367|GRB2	False	False	False								
ENSG00000196220|GRB2	False	False	False								
ENSG00000196843|GRB2	False	False	False								
ENSG00000196924|GRB2	False	False	False								
ENSG00000197122|MET	False	False	False								
ENSG00000197191|KSR2	False	False	False								
ENSG00000197943|ERBB2	False	False	False								
ENSG00000198265|GRB2	False	False	False								
ENSG00000198324|GRB2	False	False	False								
ENSG00000198399|SOS1	False	False	False								
ENSG00000198586|PTPN11	False	False	False								
ENSG00000198668|KRAS	False	False	False								
ENSG00000204305|GRB2	False	False	False								
ENSG00000204366|GRB2	False	False	False								
ENSG00000204469|GRB2	False	False	False								
ENSG00000212123|GRB2	False	False	False								
ENSG00000212864|GRB2	False	False	False								
ENSG00000243772|PTPN11	False	False	False								
ENSG00000248405|GRB2	False	False	False								
ENSG00000260287|GRB2	False	False	False								
ENSG00000269335|RET	False	False	False								
ENSG00000269964|GRB2	False	False	False								
ENSG00000274211|GRB2	False	False	False								
ENSG00000274808|GRB2	False	False	False								
EPB41L1|KRAS	True	False	True								
EPB41L2|KRAS	True	False	True								
EPB41L3|KRAS	True	False	True								
EPB41L4B|KRAS	True	False	True								
EPB41L5|KRAS	True	False	True								
EPB41|KRAS	True	False	True								
EPHA2|ERBB2	True	False	True								
EPHA2|GRB2	True	False	True								
EPHA2|KRAS	True	False	True								
EPHA2|MET	True	False	True								
EPHA2|PTPN11	True	False	True								
EPHA2|RAF1	True	False	True								
EPHA4|KRAS	True	False	True								
EPHA5|ERBB2	True	False	True								
EPHB2|ERBB2	True	False	True								
EPOR|GRB2	True	False	True								
EPOR|PTPN11	True	False	True								
EPS15|GRB2	True	False	True								
EPS8L1|SOS1	True	False	True								
EPS8L2|SOS1	True	False	True								
EPS8|SOS1	True	False	True								
ERBB2IP|KRAS	True	False	True								
ERBB2|ERBB2	True	True	True								
ERBB2|ERBB2IP	True	False	True								
ERBB2|ERBB3	True	True	True	ERBB3	Approved Drug	17.0	PATRITUMAB DERUXTECAN (APPROVAL); VANDETANIB (APPROVAL); ZENOCUTUZUMAB (APPROVAL); POZIOTINIB (PHASE_3)		verified: direct target	patritumab deruxtecan (approved)	PMID 34548309 - patritumab deruxtecan (HER3-DXd)
ERBB2|ERBB4	True	True	True	ERBB4	Approved Drug	15.0	AFATINIB DIMALEATE (APPROVAL); VANDETANIB (APPROVAL); NERATINIB MALEATE (APPROVAL); DACOMITINIB ANHYDROUS (APPROVAL)		verified: class-level (pan-ERBB, not ERBB4-selective)	afatinib (approved)	PMID 23816960 - afatinib, irreversible pan-ERBB inhibitor
ERBB2|ERRFI1	True	True	True								
ERBB2|EZR	True	False	True								
ERBB2|FBXL2	True	False	True								
ERBB2|FER	True	False	True								
ERBB2|FGFR1	True	False	True								
ERBB2|FGFR4	True	False	True								
ERBB2|FGR	True	False	True								
ERBB2|FKBP8	True	False	True								
ERBB2|GAPDH	True	False	True								
ERBB2|GLB1	True	False	True								
ERBB2|GLUD1	True	False	True								
ERBB2|GMPR2	True	False	True								
ERBB2|GRAP2	True	False	True								
ERBB2|GRB2	True	True	True								
ERBB2|GRB7	True	False	True								
ERBB2|HAX1	True	False	True								
ERBB2|HDAC6	True	False	True								
ERBB2|HSP90AA1	True	False	True								
ERBB2|HSP90AB1	True	True	True								
ERBB2|HSP90B1	True	False	True								
ERBB2|HSPA1B	True	False	True								
ERBB2|HSPA4	True	False	True								
ERBB2|HSPA5	True	False	True								
ERBB2|HYOU1	True	False	True								
ERBB2|IGF1R	True	False	True								
ERBB2|ILF3	True	False	True								
ERBB2|INSRR	True	False	True								
ERBB2|IQGAP1	False	True	True								
ERBB2|IRS1	False	True	True								
ERBB2|ITK	True	False	True								
ERBB2|JAG1	True	False	True								
ERBB2|JUP	True	False	True								
ERBB2|LIG4	True	False	True								
ERBB2|LRIG1	True	True	True								
ERBB2|LYN	True	False	True								
ERBB2|MAPK1	True	False	True								
ERBB2|MAPK3	True	False	True								
ERBB2|MAPK8IP1	True	False	True								
ERBB2|MATK	True	True	True								
ERBB2|MCAM	True	False	True								
ERBB2|MERTK	True	False	True								
ERBB2|MET	True	False	True								
ERBB2|MUC1	True	False	True								
ERBB2|MUC4	True	False	True								
ERBB2|NCK1	True	False	True								
ERBB2|NCK2	True	True	True								
ERBB2|NTNG1	True	False	True								
ERBB2|NTPCR	True	False	True								
ERBB2|NTRK1	True	False	True								
ERBB2|O00213	False	True	True								
ERBB2|O00459	False	True	True								
ERBB2|O00750	False	True	True								
ERBB2|O14980	False	True	True								
ERBB2|O15524	False	True	True								
ERBB2|O43791	False	True	True								
ERBB2|O75367	False	True	True								
ERBB2|O75791	False	True	True								
ERBB2|O75815	False	True	True								
ERBB2|O75970	False	True	True								
ERBB2|O95602	False	True	True								
ERBB2|O95980	False	True	True								
ERBB2|OSMR	True	False	True								
ERBB2|P06241	False	True	True								
ERBB2|P07900	False	True	True								
ERBB2|P08575	False	True	True								
ERBB2|P09769	False	True	True								
ERBB2|P10599	False	True	True								
ERBB2|P11021	False	True	True								
ERBB2|P12931	False	True	True								
ERBB2|P14625	False	True	True								
ERBB2|P15309	False	True	True								
ERBB2|P16885	False	True	True								
ERBB2|P23458	False	True	True								
ERBB2|P23467	False	True	True								
ERBB2|P26045	False	True	True								
ERBB2|P27986	False	True	True								
ERBB2|P31948	False	True	True								
ERBB2|P40763	False	True	True								
ERBB2|P42224	False	True	True								
ERBB2|P42684	False	True	True								
ERBB2|P43405	False	True	True								
ERBB2|P49792	False	True	True								
ERBB2|P4HA1	True	False	True								
ERBB2|P60709	False	True	True								
ERBB2|P78352	False	True	True								
ERBB2|P84085	False	True	True								
ERBB2|P98077	False	True	True								
ERBB2|P98172	False	True	True								
ERBB2|PARP1	True	False	True								
ERBB2|PDE9A	True	False	True								
ERBB2|PDGFRA	True	False	True								
ERBB2|PDGFRB	True	False	True								
ERBB2|PDIA4	True	False	True								
ERBB2|PICK1	True	False	True								
ERBB2|PIK3R1	True	False	True								
ERBB2|PIK3R2	True	False	True								
ERBB2|PIK3R3	True	False	True								
ERBB2|PLCG1	True	True	True								
ERBB2|PLCG2	True	False	True								
ERBB2|POLR1B	True	False	True								
ERBB2|PRNP	True	False	True								
ERBB2|PSMD3	True	False	True								
ERBB2|PTK2	True	False	True								
ERBB2|PTK2B	True	False	True								
ERBB2|PTK6	True	False	True								
ERBB2|PTK7	True	False	True								
ERBB2|PTPN11	True	True	True								
ERBB2|PTPN6	True	False	True								
ERBB2|PTPRA	True	False	True								
ERBB2|PTPRR	True	False	True								
ERBB2|Q02297	False	True	True								
ERBB2|Q02410	False	True	True								
ERBB2|Q05209	False	True	True								
ERBB2|Q08881	False	True	True								
ERBB2|Q12913	False	True	True								
ERBB2|Q12959	False	True	True								
ERBB2|Q13387	False	True	True								
ERBB2|Q13882	False	True	True								
ERBB2|Q14160	False	True	True								
ERBB2|Q14451	False	True	True								
ERBB2|Q14974	False	True	True								
ERBB2|Q15075	False	True	True								
ERBB2|Q15256	False	True	True								
ERBB2|Q15262	False	True	True								
ERBB2|Q15700	False	True	True								
ERBB2|Q16827	False	True	True								
ERBB2|Q5T2W1	False	True	True								
ERBB2|Q63HR2	False	True	True								
ERBB2|Q68CZ2	False	True	True								
ERBB2|Q68DX3	False	True	True								
ERBB2|Q7KZ85	False	True	True								
ERBB2|Q7Z7G1	False	True	True								
ERBB2|Q86UL8	False	True	True								
ERBB2|Q86UT5	False	True	True								
ERBB2|Q8N448	False	True	True								
ERBB2|Q8NI35	False	True	True								
ERBB2|Q8TBB1	False	True	True								
ERBB2|Q8TEW6	False	True	True								
ERBB2|Q92529	False	True	True								
ERBB2|Q92569	False	True	True								
ERBB2|Q92625	False	True	True								
ERBB2|Q92796	False	True	True								
ERBB2|Q93034	False	True	True								
ERBB2|Q96D37	False	True	True								
ERBB2|Q96NW7	False	True	True								
ERBB2|Q96QZ7	False	True	True								
ERBB2|Q99704	False	True	True								
ERBB2|Q99767	False	True	True								
ERBB2|Q99952	False	True	True								
ERBB2|Q9C0E4	False	True	True								
ERBB2|Q9H6Q3	False	True	True								
ERBB2|Q9HB71	False	True	True								
ERBB2|Q9NP31	False	True	True								
ERBB2|Q9NSE2	False	True	True								
ERBB2|Q9P202	False	True	True								
ERBB2|Q9UQF2	False	True	True								
ERBB2|Q9Y316	False	True	True								
ERBB2|Q9Y3R0	False	True	True								
ERBB2|Q9Y490	False	True	True								
ERBB2|RASA1	True	True	True								
ERBB2|RDX	True	False	True								
ERBB2|RPL36	True	False	True								
ERBB2|SEPT8	True	False	True								
ERBB2|SH2B2	True	False	True								
ERBB2|SH2B3	True	False	True								
ERBB2|SH2D1B	True	False	True								
ERBB2|SH2D2A	True	False	True								
ERBB2|SHC1	True	True	True								
ERBB2|SHC2	True	False	True								
ERBB2|SHC3	True	False	True								
ERBB2|SLA2	True	False	True								
ERBB2|SLC39A11	True	False	True								
ERBB2|SLC39A7	True	False	True								
ERBB2|SMURF2	True	False	True								
ERBB2|SOCS1	True	False	True								
ERBB2|SORL1	True	False	True								
ERBB2|SRC	True	False	True								
ERBB2|STAT1	True	False	True								
ERBB2|STAT3	True	False	True								
ERBB2|STUB1	True	False	True								
ERBB2|SUPT6H	True	False	True								
ERBB2|SYK	True	False	True								
ERBB2|TEK	True	False	True								
ERBB2|TFRC	True	False	True								
ERBB2|TNS3	True	False	True								
ERBB2|TXK	True	False	True								
ERBB2|VAPB	True	False	True								
ERBB2|VAV2	True	True	True								
ERBB2|VAV3	True	False	True								
ERBB2|Vav1	True	False	True								
ERBB2|XPO1	True	False	True								
ERBB2|YWHAE	False	True	True								
ERBB3|GRB2	True	True	True								
ERBB3|PTPN11	True	False	True								
ERBB4|GRB2	True	False	True								
ERBB4|PTPN11	True	False	True								
ERH|KRAS	True	False	True								
ERP29|RAF1	True	False	True								
ERRFI1|GRB2	True	True	True								
ESR2|MET	True	False	True								
ESYT1|KRAS	True	False	True								
ESYT2|KRAS	True	False	True								
ETV6|GRB2	True	False	True								
EXOC1|KRAS	True	False	True								
EXOC3|KRAS	True	False	True								
EZH2|MET	True	False	True								
F11R|KRAS	True	False	True								
FAF2|KRAS	True	False	True								
FAM103A1|MET	True	False	True								
FAM126A|KRAS	True	False	True								
FAM129B|KRAS	True	False	True								
FAM171A2|KRAS	True	False	True								
FAM83B|KRAS	True	False	True								
FAM91A1|KRAS	True	False	True								
FARP1|KRAS	True	False	True								
FASLG|GRB2	True	False	True								
FBXW7|PTPN11	True	False	True								
FBXW7|RET	True	False	True								
FCGR2B|PTPN11	True	False	True								
FCHO2|KRAS	True	False	True								
FERMT2|KRAS	True	False	True								
FGD5|MET	True	False	True								
FGD6|KRAS	True	False	True								
FGFR1|PTPN11	True	False	True								
FGFR1|RET	True	False	True								
FGFR2|PTPN11	True	False	True								
FGFR3|GRB2	True	False	True								
FGFR4|PTPN11	True	False	True								
FGFR4|RET	True	False	True								
FKBP5|RAF1	True	False	True								
FLOT1|RAF1	True	False	True								
FLOT2|KRAS	True	False	True								
FLRT3|KRAS	True	False	True								
FLT1|PTPN11	True	False	True								
FLT3|PTPN11	True	False	True								
FLT4|GRB2	True	False	True								
FLVCR1|KRAS	True	False	True								
FN1|GRB2	True	False	True								
FRS2|GRB2	True	False	True								
FRS2|KRAS	True	False	True								
FRS2|PTPN11	True	True	True								
FRS2|RET	True	False	True								
FRS2|SOS1	True	False	True								
FTSJ1|KRAS	True	False	True								
FYN|PTPN11	True	False	True								
FYN|RAF1	True	False	True								
GAB1|GRB2	True	True	True								
GAB1|KRAS	True	False	True								
GAB1|MET	True	False	True								
GAB1|PTPN11	True	True	True								
GAB2|GRB2	True	True	True								
GAB2|PTPN11	True	True	True								
GAPDH|KRAS	True	False	True								
GAREML|GRB2	True	False	True								
GAREM|GRB2	True	False	True								
GBF1|PTPN11	True	False	True								
GCN1L1|RAF1	True	False	True								
GEN1|KRAS	True	False	True								
GFRA1|RET	True	False	True								
GGA3|MET	True	False	True								
GHR|PTPN11	True	False	True								
GIT1|GRB2	True	False	True								
GJA1|KRAS	True	False	True								
GLMN|MET	True	False	True								
GLS|RAF1	True	False	True								
GLUD1|MET	True	False	True								
GLUD1|RAF1	True	False	True								
GNAI2|KRAS	True	False	True								
GNAI3|KRAS	True	False	True								
GNAS|RAF1	True	False	True								
GNB2|RAF1	True	False	True								
GOLGA2|RET	True	False	True								
GOPC|RET	True	False	True								
GORASP2|KRAS	True	False	True								
GPR107|KRAS	True	False	True								
GPRC5A|KRAS	True	False	True								
GRB10|MAP2K1	True	False	True								
GRB10|RAF1	True	False	True								
GRB10|RET	True	False	True								
GRB2|GRB2	True	True	True								
GRB2|H2AFX	True	False	True								
GRB2|HELZ	True	False	True								
GRB2|HIST4H4	True	False	True								
GRB2|HNRNPC	True	False	True								
GRB2|HNRNPK	True	False	True								
GRB2|HSP90AB1	True	False	True								
GRB2|HSPA5	True	False	True								
GRB2|HSPA8	True	False	True								
GRB2|HSPA9	True	False	True								
GRB2|HTT	True	False	True								
GRB2|IL6ST	True	False	True								
GRB2|INPP5D	True	False	True								
GRB2|INPPL1	True	False	True								
GRB2|INSR	True	False	True								
GRB2|IQGAP1	True	False	True								
GRB2|IRS1	True	False	True								
GRB2|IRS2	True	False	True								
GRB2|IRS4	True	False	True								
GRB2|ITK	True	False	True								
GRB2|JAK1	True	False	True								
GRB2|JAK2	True	False	True								
GRB2|KHDRBS1	True	False	True								
GRB2|KIT	True	False	True								
GRB2|KRT2	True	False	True								
GRB2|KRT8	True	False	True								
GRB2|LAT	True	True	True								
GRB2|LAT2	True	False	True								
GRB2|LCP2	True	False	True								
GRB2|LMX1A	True	False	True								
GRB2|LRRK1	True	False	True								
GRB2|LTK	True	False	True								
GRB2|LY6G6F	True	False	True								
GRB2|MAP2	True	False	True								
GRB2|MAP2K5	False	True	True								
GRB2|MAP3K1	True	False	True								
GRB2|MAP4K1	True	False	True								
GRB2|MAP4K3	True	False	True								
GRB2|MAP4K4	True	False	True								
GRB2|MAP4K5	True	True	True								
GRB2|MAPK9	True	False	True								
GRB2|MAPT	True	False	True								
GRB2|MARCH3	True	False	True								
GRB2|MED28	True	False	True								
GRB2|MET	True	False	True								
GRB2|MRE11A	True	False	True								
GRB2|MST1R	True	False	True								
GRB2|MUC1	True	False	True								
GRB2|MYH9	True	False	True								
GRB2|NCKIPSD	True	False	True								
GRB2|NFE2L2	True	False	True								
GRB2|NPM1	True	False	True								
GRB2|NTRK1	True	False	True								
GRB2|NTRK3	False	False	False	NTRK3	Approved Drug	13.0	ENTRECTINIB (APPROVAL); LAROTRECTINIB (APPROVAL); LAROTRECTINIB SULFATE (APPROVAL); REPOTRECTINIB (APPROVAL)	D2202-1; GNF-5837; larotrectinib	verified: direct target	entrectinib, larotrectinib (approved)	PMID 31838007 - entrectinib in NTRK fusion-positive tumours
GRB2|O00401	False	True	True								
GRB2|O00459	False	True	True								
GRB2|O00750	False	True	True								
GRB2|O14512	False	True	True								
GRB2|O14522	False	True	True								
GRB2|O14672	False	True	True								
GRB2|O14744	False	True	True								
GRB2|O14939	False	True	True								
GRB2|O15056	False	True	True								
GRB2|O15156	False	True	True								
GRB2|O15360	False	True	True								
GRB2|O43150	False	True	True								
GRB2|O43295	False	True	True								
GRB2|O43516	False	True	True								
GRB2|O43597	False	True	True								
GRB2|O60636	False	True	True								
GRB2|O60885	False	True	True								
GRB2|O75369	False	True	True								
GRB2|O75674	False	True	True								
GRB2|O92972	False	True	True								
GRB2|O95630	False	True	True								
GRB2|O95994	False	True	True								
GRB2|P05787	False	True	True								
GRB2|P06400	False	True	True								
GRB2|P10721	False	True	True								
GRB2|P11021	False	True	True								
GRB2|P11274	False	True	True								
GRB2|P14373	False	True	True								
GRB2|P14868	False	True	True								
GRB2|P21333	False	True	True								
GRB2|P21802	False	True	True								
GRB2|P22681	False	True	True								
GRB2|P25791	False	True	True								
GRB2|P27958	False	True	True								
GRB2|P27986	False	True	True								
GRB2|P30530	False	True	True								
GRB2|P34152	False	True	True								
GRB2|P35235	False	True	True								
GRB2|P35570	False	True	True								
GRB2|P35579	False	True	True								
GRB2|P42681	False	True	True								
GRB2|P42684	False	True	True								
GRB2|P48357	False	True	True								
GRB2|P50570	False	True	True								
GRB2|P52566	False	True	True								
GRB2|P54762	False	True	True								
GRB2|P55072	False	True	True								
GRB2|P61978	False	True	True								
GRB2|P62324	False	True	True								
GRB2|P98078	False	True	True								
GRB2|P98082	False	True	True								
GRB2|PAK1	True	False	True	PAK1	Structure with Ligand	0.0		G-5555; NVS-PAK1-1	verified: direct target	G-5555, NVS-PAK1-1 (probes)	PMID 26713112 - design of selective PAK1 inhibitor G-5555
GRB2|PAK2	False	True	True	PAK2	High-Quality Ligand	0.0		G-5555	verified: class-level (group I PAK, PAK1-preferring)	G-5555 (probe)	PMID 27167326 - group I PAK inhibitors
GRB2|PARD6A	True	False	True								
GRB2|PARK2	True	False	True								
GRB2|PC	True	False	True								
GRB2|PDGFRA	True	False	True								
GRB2|PDGFRB	True	False	True								
GRB2|PEAK1	True	False	True								
GRB2|PIK3AP1	True	False	True								
GRB2|PIK3C2B	True	False	True								
GRB2|PIK3CA	True	True	True								
GRB2|PIK3CB	True	False	True								
GRB2|PIK3R1	True	False	True								
GRB2|PIK3R2	True	False	True								
GRB2|PIK3R3	True	False	True								
GRB2|PLCG1	True	True	True								
GRB2|PLEKHS1	True	False	True								
GRB2|PLXNB1	True	False	True								
GRB2|PPARA	True	False	True								
GRB2|PRKAB1	True	False	True								
GRB2|PRKAR1A	True	False	True								
GRB2|PRO_0000037647 [P26662]	False	True	True								
GRB2|PRRC2A	True	False	True								
GRB2|PSTPIP2	True	False	True								
GRB2|PTK2	True	False	True								
GRB2|PTK2B	True	False	True								
GRB2|PTPN1	True	True	True								
GRB2|PTPN11	True	True	True	PTPN11	Advanced Clinical	1.0	BATOPROTAFIB (PHASE_1_2)	Batoprotafib	verified: class-level (allosteric SHP2 inhibitor class)	batoprotafib (phase 1/2)	PMID 40960119 - RAS pathway inhibitors incl. SHP2
GRB2|PTPN12	True	False	True								
GRB2|PTPN22	False	True	True								
GRB2|PTPN23	True	False	True								
GRB2|PTPN6	True	True	True								
GRB2|PTPRA	True	True	True								
GRB2|PTPRE	True	False	True								
GRB2|Q01484	False	True	True								
GRB2|Q03989	False	True	True								
GRB2|Q04864	False	True	True								
GRB2|Q05193	False	True	True								
GRB2|Q05397	False	True	True								
GRB2|Q06418	False	True	True								
GRB2|Q07666	False	True	True								
GRB2|Q07869	False	True	True								
GRB2|Q08117	False	True	True								
GRB2|Q08209	False	True	True								
GRB2|Q0VD86	False	True	True								
GRB2|Q12774	False	True	True								
GRB2|Q12929	False	True	True								
GRB2|Q13094	False	True	True								
GRB2|Q13191	False	True	True								
GRB2|Q13322	False	True	True								
GRB2|Q13352	False	True	True								
GRB2|Q13444	False	True	True								
GRB2|Q13625	False	True	True								
GRB2|Q13829	False	True	True								
GRB2|Q14315	False	True	True								
GRB2|Q14457	False	True	True								
GRB2|Q14693	False	True	True								
GRB2|Q15027	False	True	True								
GRB2|Q15109	False	True	True								
GRB2|Q15427	False	True	True								
GRB2|Q15428	False	True	True								
GRB2|Q15907	False	True	True								
GRB2|Q16236	False	True	True								
GRB2|Q16643	False	True	True								
GRB2|Q16851	False	True	True								
GRB2|Q3LI72	False	True	True								
GRB2|Q5BJH2	False	True	True								
GRB2|Q5JST6	False	True	True								
GRB2|Q5SQ64	False	True	True								
GRB2|Q5SXH7	False	True	True								
GRB2|Q62245	False	True	True								
GRB2|Q66PJ3	False	True	True								
GRB2|Q6DHY5	False	True	True								
GRB2|Q6IQ23	False	True	True								
GRB2|Q6P1W5	False	True	True								
GRB2|Q6S9Z5	False	True	True								
GRB2|Q6UY14	False	True	True								
GRB2|Q6XD76	False	True	True								
GRB2|Q6ZNG0	False	True	True								
GRB2|Q6ZU52	False	True	True								
GRB2|Q6ZUJ8	False	True	True								
GRB2|Q7L190	False	True	True								
GRB2|Q7VLE8	False	True	True								
GRB2|Q7Z783	False	True	True								
GRB2|Q810M5	False	True	True								
GRB2|Q86SG2	False	True	True								
GRB2|Q86UU5	False	True	True								
GRB2|Q8IUW3	False	True	True								
GRB2|Q8IVH8	False	True	True								
GRB2|Q8IX15	False	True	True								
GRB2|Q8N1I0	False	True	True								
GRB2|Q8N4B1	False	True	True								
GRB2|Q8N684	False	True	True								
GRB2|Q8N9I9	False	True	True								
GRB2|Q8NFB2	False	True	True								
GRB2|Q8TBB1	False	True	True								
GRB2|Q8TE12	False	True	True								
GRB2|Q8TF74	False	True	True								
GRB2|Q8WX92	False	True	True								
GRB2|Q8WXH5	False	True	True								
GRB2|Q92558	False	True	True								
GRB2|Q92569	False	True	True								
GRB2|Q92841	False	True	True								
GRB2|Q92918	False	True	True								
GRB2|Q92973	False	True	True								
GRB2|Q96D03	False	True	True								
GRB2|Q96PV4	False	True	True								
GRB2|Q96RU7	False	True	True								
GRB2|Q9BRK4	False	True	True								
GRB2|Q9BRT8	False	True	True								
GRB2|Q9BUN5	False	True	True								
GRB2|Q9BWF3	False	True	True								
GRB2|Q9BYB0	False	True	True								
GRB2|Q9BYN7	False	True	True								
GRB2|Q9GZT8	False	True	True								
GRB2|Q9H0X6	False	True	True								
GRB2|Q9H204	False	True	True								
GRB2|Q9H3S7	False	True	True								
GRB2|Q9H706	False	True	True								
GRB2|Q9H788	False	True	True								
GRB2|Q9HB07	False	True	True								
GRB2|Q9NPB6	False	True	True								
GRB2|Q9NQC1	False	True	True								
GRB2|Q9NRF2	False	True	True								
GRB2|Q9P1A6	False	True	True								
GRB2|Q9P2A4	False	True	True								
GRB2|Q9UI10	False	True	True								
GRB2|Q9UIH9	False	True	True								
GRB2|Q9UKT9	False	True	True								
GRB2|Q9ULH1	False	True	True								
GRB2|Q9ULW0	False	True	True								
GRB2|Q9UNY5	False	True	True								
GRB2|Q9UPX8	False	True	True								
GRB2|Q9Y2D5	False	True	True								
GRB2|Q9Y2H0	False	True	True								
GRB2|Q9Y2W2	False	True	True								
GRB2|Q9Y2X7	False	True	True								
GRB2|Q9Y330	False	True	True								
GRB2|Q9Y478	False	True	True								
GRB2|RAC1	True	False	True								
GRB2|RAPGEF1	True	False	True								
GRB2|RB1	True	False	True								
GRB2|RBBP6	True	False	True								
GRB2|REPS2	True	True	True								
GRB2|RET	True	False	True								
GRB2|RPA1	True	False	True								
GRB2|RUVBL1	True	False	True								
GRB2|SH2B1	True	False	True								
GRB2|SH2B2	True	False	True								
GRB2|SH2D4A	True	False	True								
GRB2|SH3KBP1	True	False	True								
GRB2|SHC1	True	True	True								
GRB2|SHC4	True	False	True								
GRB2|SLC25A5	True	False	True								
GRB2|SLC25A6	True	False	True								
GRB2|SNX18	True	False	True								
GRB2|SOCS1	True	False	True								
GRB2|SOCS4	True	False	True								
GRB2|SOS1	True	True	True								
GRB2|SOS2	True	True	True								
GRB2|SPATA2L	True	False	True								
GRB2|SPRY2	True	False	True								
GRB2|SRC	True	False	True								
GRB2|STAMBP	True	False	True								
GRB2|SYK	True	False	True								
GRB2|SYN1	True	False	True								
GRB2|SYNJ1	True	False	True								
GRB2|SYNM	True	False	True								
GRB2|TFG	True	False	True								
GRB2|THEMIS	False	True	True								
GRB2|TMEM128	True	False	True								
GRB2|TNFRSF1A	True	False	True								
GRB2|TNK2	True	True	True								
GRB2|TSG101	True	False	True								
GRB2|TSPAN2	True	False	True								
GRB2|TYRO3	True	False	True								
GRB2|UBASH3B	True	False	True								
GRB2|VAV1	False	True	True								
GRB2|VAV2	True	False	True								
GRB2|VAV3	True	True	True								
GRB2|VCP	True	False	True								
GRB2|VPS37B	True	False	True								
GRB2|Vav1	True	False	True								
GRB2|WAS	True	False	True								
GRB2|WASL	True	False	True								
GRB2|WBP11	True	False	True								
GRB2|WDR44	True	False	True								
GRB2|WDR6	True	False	True								
GRB2|WIPF1	True	False	True								
GRB2|WIPF2	True	False	True								
GRB2|WIPF3	True	False	True								
GRB2|YWHAB	True	False	True								
GRB2|YWHAE	True	False	True								
GRB2|YWHAG	True	False	True								
GRB2|YWHAZ	True	False	True								
GRB2|ZAP70	True	False	True								
GRB7|MET	True	False	True								
GRB7|RET	True	False	True								
GRIN2B|MET	True	False	True								
GRK2|RET	True	False	True								
GSK3A|RET	True	False	True								
GSK3B|MET	True	False	True								
GSK3B|RET	True	False	True								
GTF2IRD1|RET	True	False	True								
HADHA|RAF1	True	False	True								
HADHB|RAF1	True	False	True								
HAX1|RAF1	True	False	True								
HDAC1|RET	True	False	True								
HDLBP|RAF1	True	False	True								
HECTD3|RAF1	True	False	True								
HERC1|RAF1	True	False	True								
HERC2|RAF1	True	False	True								
HEXB|MET	True	False	True								
HGF|MET	True	True	True	HGF	Structure with Ligand	2.0	FICLATUZUMAB (PHASE_3); RILOTUMUMAB (PHASE_3)		verified: direct target (ligand-directed antibody)	ficlatuzumab (phase 3)	PMID 29346833 - ficlatuzumab, humanized HGF inhibitory antibody
HLA|KRAS	True	False	True								
HLA|MET	True	False	True								
HLA|RET	True	False	True								
HMOX2|KRAS	True	False	True								
HNRNPA0|KRAS	True	False	True								
HNRNPA1|KRAS	True	False	True								
HNRNPA2B1|KRAS	True	False	True								
HNRNPC|KRAS	True	False	True								
HNRNPK|KRAS	True	False	True								
HNRNPR|KRAS	True	False	True								
HRAS|KRAS	True	False	True	HRAS	Advanced Clinical	1.0	SALIRASIB (PHASE_2)		verified: direct target	salirasib (phase 2)	PMID 29901113 - HRAS as a target of salirasib
HRAS|RAF1	True	True	True	HRAS	Advanced Clinical	1.0	SALIRASIB (PHASE_2)		verified: direct target	salirasib (phase 2)	PMID 29901113 - HRAS as a target of salirasib
HRAS|SOS1	True	True	True	HRAS	Advanced Clinical	1.0	SALIRASIB (PHASE_2)		verified: direct target	salirasib (phase 2)	PMID 29901113 - HRAS as a target of salirasib
HSD17B12|RAF1	True	False	True								
HSP90AA1|KSR2	True	False	True								
HSP90AA1|MAP2K2	True	False	True								
HSP90AA1|MET	True	False	True								
HSP90AA1|RAF1	True	False	True								
HSP90AA1|RET	True	False	True								
HSP90AB1|KRAS	True	False	True								
HSP90AB1|MAP2K2	True	False	True								
HSP90AB1|MET	True	False	True								
HSP90AB1|RAF1	True	True	True	HSP90AB1	Advanced Clinical	10.0	RETASPIMYCIN HYDROCHLORIDE (PHASE_3); CD24FC (PHASE_3); GANETESPIB (PHASE_3); TANESPIMYCIN (PHASE_3)	BIIB021; ONALESPIB; luminespib	verified: class-level (pan-HSP90, not paralog-selective)	retaspimycin (phase 3)	PMID 19642950 - retaspimycin, HSP90 inhibitor
HSP90AB1|RET	True	False	True								
HSPA1A|MAP2K2	True	False	True								
HSPA1B|MET	True	False	True								
HSPA4|RAF1	True	False	True								
HSPA5|MET	True	False	True								
HSPA5|RAF1	True	False	True								
HSPA8|MAP2K1	True	False	True								
HSPA8|MAP2K2	True	False	True								
HSPA8|RAF1	True	False	True								
HSPB1|MAP2K1	True	False	True								
HSPB1|RAF1	True	False	True								
HSPD1|KRAS	True	False	True								
HSPD1|PTPN11	True	False	True								
HYOU1|MET	True	False	True								
IARS2|RAF1	True	False	True								
IFNGR1|KRAS	True	False	True								
IGF1R|KRAS	True	False	True								
IGF1R|MET	True	False	True								
IGF1R|PTPN11	True	False	True								
IGF2R|KRAS	True	False	True								
IGSF3|KRAS	True	False	True								
IL6ST|KRAS	True	False	True								
IL6ST|PTPN11	True	False	True								
ILK|RAF1	True	False	True								
INPP5D|PTPN11	True	False	True								
INPPL1|MET	True	False	True								
INSR|KRAS	True	False	True								
INSR|PTPN11	True	False	True								
IQGAP1|MAP2K1	True	False	True								
IQGAP1|MAP2K2	True	False	True								
IQGAP2|KRAS	True	False	True								
IRS1|PTPN11	True	True	True								
IRS4|KRAS	True	False	True								
IRS4|RAF1	True	False	True								
ITCH|KRAS	True	False	True								
ITCH|RAF1	True	False	True								
ITFG3|KRAS	True	False	True								
ITGA2|KRAS	True	False	True								
ITGA5|KRAS	True	False	True								
ITGA6|KRAS	True	False	True								
ITGB1|KRAS	True	False	True								
ITPA|RAF1	True	False	True								
ITSN1|SOS1	True	False	True								
ITSN2|SOS1	True	False	True								
JAK1|PTPN11	True	False	True								
JAK2|PTPN11	True	False	True								
JAK2|RAF1	False	False	False	JAK2	Approved Drug	31.0	FEDRATINIB HYDROCHLORIDE (APPROVAL); UPADACITINIB HEMIHYDRATE (APPROVAL); TOFACITINIB CITRATE (APPROVAL); LESTAURTINIB (APPROVAL)	AZ-960; BMS-911543; GANDOTINIB; RUXOLITINIB; XL019; tofacitinib	verified: direct target	fedratinib (approved)	PMID 33332482 - fedratinib for myelofibrosis
JAM3|KRAS	True	False	True								
JOSD2|KRAS	True	False	True								
JPH1|KRAS	True	False	True								
JUP|KRAS	True	False	True								
JUP|RET	True	False	True								
KCNA3|PTPN11	True	False	True								
KDM1A|RET	True	False	True								
KDR|PTPN11	True	False	True								
KEAP1|RAF1	True	False	True								
KIAA0754|KRAS	True	False	True								
KIAA1522|KRAS	True	False	True								
KIAA1715|RET	True	False	True								
KIDINS220|KRAS	True	False	True								
KIF1B|RET	True	False	True								
KIRREL|KRAS	True	False	True								
KIT|PTPN11	True	False	True								
KPNA1|MET	True	False	True								
KPNA2|KRAS	True	False	True								
KPNA2|MET	True	False	True								
KPNA6|MET	True	False	True								
KRAS|KRAS	True	True	True	KRAS	Approved Drug	3.0	SOTORASIB (APPROVAL); ADAGRASIB (APPROVAL); SALIRASIB (PHASE_2)	ACBI3; ARS-1620; Adagrasib; BI-0474; BI-2852; BI-3406; FRF-01-116; MRTX1133; XY-02-082; sotorasib	verified: direct target	sotorasib, adagrasib (approved)	PMID 37870968 - sotorasib in KRAS G12C colorectal cancer
KRAS|LAMTOR1	True	False	True								
KRAS|LBR	True	False	True								
KRAS|LEMD3	True	False	True								
KRAS|LLGL1	True	False	True								
KRAS|LLGL2	True	False	True								
KRAS|LMAN1	True	False	True								
KRAS|LMNB1	True	False	True								
KRAS|LRRC57	True	False	True								
KRAS|LSR	True	False	True								
KRAS|LYN	True	False	True								
KRAS|LZTR1	True	False	True								
KRAS|MAP2K1	True	False	True								
KRAS|MAP4K4	True	False	True								
KRAS|MAPKAP1	True	False	True								
KRAS|MARCKS	True	False	True								
KRAS|MARCKSL1	True	False	True								
KRAS|MARK1	True	False	True								
KRAS|MARK2	True	False	True								
KRAS|MARK3	True	False	True								
KRAS|MARVELD2	True	False	True								
KRAS|MBOAT7	True	False	True								
KRAS|MCAM	True	False	True								
KRAS|MICAL3	True	False	True								
KRAS|MINK1	True	False	True								
KRAS|MMGT1	True	False	True								
KRAS|MPP1	True	False	True								
KRAS|MPP7	True	False	True								
KRAS|MPZL1	True	False	True								
KRAS|MTMR10	True	False	True								
KRAS|MTOR	True	False	True								
KRAS|NCAM1	True	False	True								
KRAS|NDC1	True	False	True								
KRAS|NDRG1	True	False	True								
KRAS|NDRG3	True	False	True								
KRAS|NDUFAF2	True	False	True								
KRAS|NEDD4	True	False	True								
KRAS|NF1	True	False	True								
KRAS|NF2	True	False	True								
KRAS|NOTCH1	True	False	True								
KRAS|NOTCH2	True	False	True								
KRAS|NRAS	True	False	True	NRAS	Advanced Clinical	1.0	SALIRASIB (PHASE_2)		verified: class-level (pan-RAS farnesyl mimetic)	salirasib (phase 2)	PMID 29901113 - salirasib RAS inhibitor
KRAS|NUMB	True	False	True								
KRAS|NUMBL	True	False	True								
KRAS|O00270	False	True	True								
KRAS|O95373	False	True	True								
KRAS|OCLN	True	False	True								
KRAS|OSBPL8	True	False	True								
KRAS|P05067	False	True	True								
KRAS|P49354	False	True	True								
KRAS|P50749	False	True	True								
KRAS|P78356	False	True	True								
KRAS|PACSIN2	True	False	True								
KRAS|PAG1	True	False	True								
KRAS|PAK4	True	False	True								
KRAS|PALM	True	False	True								
KRAS|PANX1	True	False	True								
KRAS|PARD3	True	False	True								
KRAS|PAWR	True	False	True								
KRAS|PC	True	False	True								
KRAS|PCDH7	True	False	True								
KRAS|PCDH9	True	False	True								
KRAS|PEAK1	True	False	True								
KRAS|PHACTR4	True	False	True								
KRAS|PHLDB1	True	False	True								
KRAS|PHLDB2	True	False	True								
KRAS|PI4KA	True	False	True								
KRAS|PIK3CA	True	False	True	PIK3CA	Approved Drug	32.0	COPANLISIB (APPROVAL); COPANLISIB HYDROCHLORIDE (APPROVAL); ALPELISIB (APPROVAL); INAVOLISIB (APPROVAL)	ALPELISIB; APITOLISIB; PICTILISIB; RLY-2608	verified: direct target	copanlisib, alpelisib (approved)	PMID 29508857 - targeting the PI3K pathway in cancer
KRAS|PIK3CB	False	False	False	PIK3CB	Advanced Clinical	29.0	BUPARLISIB (PHASE_3); GEDATOLISIB (PHASE_3); TASELISIB (PHASE_3); DACTOLISIB (PHASE_3)	APITOLISIB; AZD-6482; TGX-221	verified: class-level (pan-PI3K)	buparlisib (phase 3)	PMID 37399061 - PI3K inhibition in glioblastoma
KRAS|PIK3CG	True	False	True								
KRAS|PIK3R2	True	False	True								
KRAS|PIP5K1A	True	False	True								
KRAS|PKP2	True	False	True								
KRAS|PKP4	True	False	True								
KRAS|PLAA	True	False	True								
KRAS|PLCB1	True	False	True								
KRAS|PLCH1	True	False	True								
KRAS|PLEKHA1	True	False	True								
KRAS|PLEKHA5	True	False	True								
KRAS|PLEKHA7	True	False	True								
KRAS|PLK1	True	False	True								
KRAS|PLSCR3	True	False	True								
KRAS|PLXNA1	True	False	True								
KRAS|PPAP2B	True	False	True								
KRAS|PPFIA1	True	False	True								
KRAS|PPFIBP1	True	False	True								
KRAS|PPIA	False	False	False	PPIA	Structure with Ligand	3.0	CYCLOSPORINE (APPROVAL); ALISPORIVIR (PHASE_3); SCY 635 (PHASE_2)		verified: direct target	cyclosporine (approved)	PMID 40654979 - cyclophilin A editing confers cyclosporine resistance
KRAS|PPP1R9A	True	False	True								
KRAS|PRDX1	True	False	True								
KRAS|PREB	True	False	True								
KRAS|PSEN1	True	False	True								
KRAS|PSMD12	True	False	True								
KRAS|PTK7	True	False	True								
KRAS|PTPN1	True	False	True	PTPN1	Structure with Ligand	0.0		ABBV-CLS-484	verified: direct target	ABBV-CLS-484 (clinical)	PMID 37794185 - PTPN2/PTPN1 inhibitor ABBV-CLS-484
KRAS|PTPN14	True	False	True								
KRAS|PTPRJ	True	False	True								
KRAS|PVRL2	True	False	True								
KRAS|PVRL3	True	False	True								
KRAS|Q04631	False	True	True								
KRAS|Q8TBX8	False	True	True								
KRAS|Q96II5	False	True	True								
KRAS|Q96JH8	False	True	True								
KRAS|Q99755	False	True	True								
KRAS|RAB11FIP1	True	False	True								
KRAS|RAB11FIP5	True	False	True								
KRAS|RAB13	True	False	True								
KRAS|RAB1A	True	False	True								
KRAS|RAB23	True	False	True								
KRAS|RAB6A	True	False	True								
KRAS|RABL3	True	False	True								
KRAS|RAF1	True	True	True	RAF1	Approved Drug	9.0	SORAFENIB TOSYLATE (APPROVAL); REGORAFENIB (APPROVAL); SORAFENIB (APPROVAL); TOVORAFENIB (APPROVAL)	ACBI3; ARS-1620; Adagrasib; BI-0474; BI-2852; BI-3406; FRF-01-116; MRTX1133; XY-02-082; sotorasib	verified: direct target	sorafenib tosylate (approved)	PMID 16890795 - Raf kinase as a therapeutic target
KRAS|RALA	True	False	True								
KRAS|RALGDS	True	False	True								
KRAS|RAP1GDS1	True	False	True								
KRAS|RAPGEF6	True	False	True								
KRAS|RASAL2	True	False	True								
KRAS|RASSF2	True	False	True								
KRAS|RELL1	True	False	True								
KRAS|RHOA	True	False	True								
KRAS|RICTOR	True	False	True								
KRAS|RNF141	True	False	True								
KRAS|RNF185	True	False	True								
KRAS|ROBO1	True	False	True								
KRAS|ROCK1	True	False	True								
KRAS|ROCK2	True	False	True								
KRAS|ROR1	True	False	True								
KRAS|ROR2	True	False	True								
KRAS|RP2	True	False	True								
KRAS|RPL15	True	False	True								
KRAS|RPL18	True	False	True								
KRAS|RPL22	True	False	True								
KRAS|RPN1	True	False	True								
KRAS|RPS6KA1	True	False	True								
KRAS|SBF1	True	False	True								
KRAS|SCAMP1	True	False	True								
KRAS|SCARB1	True	False	True								
KRAS|SCRIB	True	False	True								
KRAS|SEC22B	True	False	True								
KRAS|SEMA4C	True	False	True								
KRAS|SEMA4D	True	False	True								
KRAS|SEPT6	True	False	True								
KRAS|SEPT7	True	False	True								
KRAS|SEPT9	True	False	True								
KRAS|SETD7	True	False	True								
KRAS|SHB	True	False	True								
KRAS|SHISA2	True	False	True								
KRAS|SHOC2	True	False	True								
KRAS|SIRPA	True	False	True								
KRAS|SLC12A2	True	False	True								
KRAS|SLC12A4	True	False	True								
KRAS|SLC12A7	True	False	True								
KRAS|SLC16A1	True	False	True								
KRAS|SLC19A1	True	False	True								
KRAS|SLC1A3	True	False	True								
KRAS|SLC1A5	True	False	True								
KRAS|SLC20A1	True	False	True								
KRAS|SLC20A2	True	False	True								
KRAS|SLC26A2	True	False	True								
KRAS|SLC26A6	True	False	True								
KRAS|SLC29A1	True	False	True								
KRAS|SLC2A3	True	False	True								
KRAS|SLC30A1	True	False	True								
KRAS|SLC38A1	True	False	True								
KRAS|SLC38A2	True	False	True								
KRAS|SLC39A10	True	False	True								
KRAS|SLC39A14	True	False	True								
KRAS|SLC39A6	True	False	True								
KRAS|SLC3A2	True	False	True								
KRAS|SLC4A2	True	False	True								
KRAS|SLC4A7	True	False	True								
KRAS|SLC5A3	True	False	True								
KRAS|SLC6A15	True	False	True								
KRAS|SLC6A6	True	False	True								
KRAS|SLC6A8	True	False	True								
KRAS|SLC6A9	True	False	True								
KRAS|SLC7A1	True	False	True								
KRAS|SLC7A11	True	False	True								
KRAS|SLC7A2	True	False	True								
KRAS|SLC7A5	True	False	True								
KRAS|SLC9A1	True	False	True								
KRAS|SLC9A3R2	True	False	True								
KRAS|SNAP23	True	False	True								
KRAS|SNAP47	True	False	True								
KRAS|SNX3	True	False	True								
KRAS|SOS1	False	False	False	KRAS	Approved Drug	3.0	SOTORASIB (APPROVAL); ADAGRASIB (APPROVAL); SALIRASIB (PHASE_2)	ACBI3; ARS-1620; Adagrasib; BI-0474; BI-2852; BI-3406; FRF-01-116; MRTX1133; XY-02-082; sotorasib	verified: direct target	sotorasib, adagrasib (approved)	PMID 37870968 - sotorasib in KRAS G12C colorectal cancer
KRAS|SPAG1	True	False	True								
KRAS|SPECC1	True	False	True								
KRAS|SPRED2	True	False	True								
KRAS|SPRY4	True	False	True								
KRAS|SPTAN1	True	False	True								
KRAS|SPTBN1	True	False	True								
KRAS|SPTBN2	True	False	True								
KRAS|SRC	True	False	True								
KRAS|SRPR	True	False	True								
KRAS|STEAP3	True	False	True								
KRAS|STIM1	True	False	True								
KRAS|STIM2	True	False	True								
KRAS|STK10	True	False	True								
KRAS|STOM	True	False	True								
KRAS|STON2	True	False	True								
KRAS|STT3B	True	False	True								
KRAS|STX10	True	False	True								
KRAS|STX12	True	False	True								
KRAS|STX3	True	False	True								
KRAS|STX7	True	False	True								
KRAS|STXBP3	True	False	True								
KRAS|STXBP6	True	False	True								
KRAS|SYNCRIP	True	False	True								
KRAS|SYTL4	True	False	True								
KRAS|TACC1	True	False	True								
KRAS|TANC1	True	False	True								
KRAS|TAOK3	True	False	True								
KRAS|TBC1D10A	True	False	True								
KRAS|TFRC	True	False	True								
KRAS|TIAM1	True	False	True								
KRAS|TLDC1	True	False	True								
KRAS|TMEM199	True	False	True								
KRAS|TMEM2	True	False	True								
KRAS|TMEM237	True	False	True								
KRAS|TMEM51	True	False	True								
KRAS|TMEM87A	True	False	True								
KRAS|TNIK	True	False	True								
KRAS|TOR1AIP1	True	False	True								
KRAS|TPD52L2	True	False	True								
KRAS|TRAF7	True	False	True								
KRAS|TRIM21	True	False	True								
KRAS|TRPM4	True	False	True								
KRAS|TULP3	True	False	True								
KRAS|UACA	True	False	True								
KRAS|UBIAD1	True	False	True								
KRAS|UBXN4	True	False	True								
KRAS|UNC5B	True	False	True								
KRAS|USP6NL	True	False	True								
KRAS|VAMP2	True	False	True								
KRAS|VAMP3	True	False	True								
KRAS|VAMP4	True	False	True								
KRAS|VAMP7	True	False	True								
KRAS|VANGL1	True	False	True								
KRAS|VANGL2	True	False	True								
KRAS|VAPA	True	False	True								
KRAS|VAPB	True	False	True								
KRAS|VEZT	True	False	True								
KRAS|VPS45	True	False	True								
KRAS|VRK2	True	False	True								
KRAS|WASF2	True	False	True								
KRAS|WDR20	True	False	True								
KRAS|WDR44	True	False	True								
KRAS|WDR6	True	False	True								
KRAS|WLS	True	False	True								
KRAS|XPR1	True	False	True								
KRAS|YBX1	True	False	True								
KRAS|YES1	True	False	True								
KRAS|YKT6	True	False	True								
KRAS|YWHAB	True	False	True								
KRAS|YWHAE	True	False	True								
KRAS|YWHAG	True	False	True								
KRAS|YWHAQ	True	False	True								
KRAS|YWHAZ	True	False	True								
KRAS|ZDHHC20	True	False	True								
KRAS|ZDHHC5	True	False	True								
KRAS|ZDHHC8	True	False	True								
KSR1|MAP2K1	True	False	True	MAP2K1	Approved Drug	19.0	MIRDAMETINIB (APPROVAL); TRAMETINIB DIMETHYL SULFOXIDE (APPROVAL); BINIMETINIB (APPROVAL); COBIMETINIB (APPROVAL)	SELUMETINIB; TRAMETINIB	verified: class-level (MEK1/2 inhibitor)	mirdametinib, trametinib (approved)	PMID 32187457 - selumetinib in plexiform neurofibromas (MEK1/2)
KSR1|MAP2K2	True	True	True	MAP2K2	Approved Drug	18.0	SELUMETINIB (APPROVAL); TRAMETINIB DIMETHYL SULFOXIDE (APPROVAL); SELUMETINIB SULFATE (APPROVAL); TRAMETINIB (APPROVAL)	TRAMETINIB	verified: class-level (MEK1/2 inhibitor)	selumetinib, trametinib (approved)	PMID 32187457 - selumetinib in plexiform neurofibromas (MEK1/2)
KSR1|MARK3	True	False	True								
KSR1|PJA2	True	False	True								
KSR1|Q86Y07	False	True	True								
KSR1|RAF1	False	True	True	RAF1	Approved Drug	9.0	SORAFENIB TOSYLATE (APPROVAL); REGORAFENIB (APPROVAL); SORAFENIB (APPROVAL); TOVORAFENIB (APPROVAL)		verified: direct target	sorafenib tosylate (approved)	PMID 16890795 - Raf kinase as a therapeutic target
KSR1|YWHAB	True	False	True								
KSR1|YWHAE	True	True	True								
KSR1|YWHAG	True	False	True								
KSR1|YWHAH	True	False	True								
KSR1|YWHAQ	True	False	True								
KSR1|YWHAZ	True	False	True								
KSR2|LRRC7	True	False	True								
KSR2|MAP2K1	True	False	True	MAP2K1	Approved Drug	19.0	MIRDAMETINIB (APPROVAL); TRAMETINIB DIMETHYL SULFOXIDE (APPROVAL); BINIMETINIB (APPROVAL); COBIMETINIB (APPROVAL)	SELUMETINIB; TRAMETINIB	verified: class-level (MEK1/2 inhibitor)	mirdametinib, trametinib (approved)	PMID 32187457 - selumetinib in plexiform neurofibromas (MEK1/2)
KSR2|MAP2K2	True	False	True	MAP2K2	Approved Drug	18.0	SELUMETINIB (APPROVAL); TRAMETINIB DIMETHYL SULFOXIDE (APPROVAL); SELUMETINIB SULFATE (APPROVAL); TRAMETINIB (APPROVAL)	TRAMETINIB	verified: class-level (MEK1/2 inhibitor)	selumetinib, trametinib (approved)	PMID 32187457 - selumetinib in plexiform neurofibromas (MEK1/2)
KSR2|P07900	False	True	True								
KSR2|P29678	False	True	True								
KSR2|PJA2	True	False	True								
KSR2|PRKAA1	False	False	False	PRKAA1	Advanced Clinical	1.0	ACADESINE (APPROVAL)	BAY-3827	verified: class-level (AMPK activator, not a direct PRKAA1 binder)	acadesine/AICAR (approved)	PMID 34964701 - AMPK-ULK1 axis activation
KSR2|Q13451	False	True	True								
KSR2|RAF1	False	False	False	RAF1	Approved Drug	9.0	SORAFENIB TOSYLATE (APPROVAL); REGORAFENIB (APPROVAL); SORAFENIB (APPROVAL); TOVORAFENIB (APPROVAL)		verified: direct target	sorafenib tosylate (approved)	PMID 16890795 - Raf kinase as a therapeutic target
KSR2|SMURF2	True	False	True								
KSR2|YWHAE	True	False	True								
KSR2|YWHAG	True	False	True								
LAIR1|PTPN11	True	False	True								
LAMTOR2|MAP2K1	True	False	True								
LAMTOR3|MAP2K1	True	False	True								
LAS1L|RAF1	True	False	True								
LATS2|RAF1	True	False	True								
LEMD3|RET	True	False	True								
LEO1|PTPN11	True	False	True								
LEPR|PTPN11	True	False	True								
LGALS1|MET	True	False	True								
LGALS9|PTPN11	True	False	True								
LIG4|MAP2K2	True	False	True								
LOX|RAF1	True	False	True								
LRIG1|MET	True	False	True								
LRP1|PTPN11	True	False	True								
LRRC59|RAF1	True	False	True								
LRSAM1|RET	True	False	True								
LYN|MET	True	False	True								
LZTR1|MRAS	True	False	True								
LZTR1|RAF1	True	False	True								
MAP2K1|MAP2K1	True	False	True	MAP2K1	Approved Drug	19.0	MIRDAMETINIB (APPROVAL); TRAMETINIB DIMETHYL SULFOXIDE (APPROVAL); BINIMETINIB (APPROVAL); COBIMETINIB (APPROVAL)	SELUMETINIB; TRAMETINIB	verified: class-level (MEK1/2 inhibitor)	mirdametinib, trametinib (approved)	PMID 32187457 - selumetinib in plexiform neurofibromas (MEK1/2)
MAP2K1|MAP2K2	True	False	True	MAP2K1	Approved Drug	19.0	MIRDAMETINIB (APPROVAL); TRAMETINIB DIMETHYL SULFOXIDE (APPROVAL); BINIMETINIB (APPROVAL); COBIMETINIB (APPROVAL)	SELUMETINIB; TRAMETINIB	verified: class-level (MEK1/2 inhibitor)	mirdametinib, trametinib (approved)	PMID 32187457 - selumetinib in plexiform neurofibromas (MEK1/2)
MAP2K1|MAP3K1	True	False	True								
MAP2K1|MAP3K8	True	False	True								
MAP2K1|MAPK1	True	True	True	MAPK1	Advanced Clinical	6.0	ULIXERTINIB (PHASE_2); TEMUTERKIB (PHASE_2); RAVOXERTINIB (PHASE_1); ASN007 (PHASE_1)	ERKi; SCH772984	verified: direct target	ulixertinib (phase 2)	PMID 40928301 - advances in ERK1/2 inhibition
MAP2K1|MAPK3	True	True	True								
MAP2K1|MAPK8IP3	True	False	True								
MAP2K1|O15519	False	True	True								
MAP2K1|P46937	False	True	True								
MAP2K1|PARK2	True	False	True								
MAP2K1|PEBP4	True	False	True								
MAP2K1|PLEKHF2	False	True	True								
MAP2K1|PPARG	True	False	True								
MAP2K1|Q13526	False	True	True								
MAP2K1|Q86Y07	False	True	True								
MAP2K1|Q8N9N5	False	True	True								
MAP2K1|Q8WWU5	False	True	True								
MAP2K1|Q9NR09	False	True	True								
MAP2K1|Q9Y297	False	True	True								
MAP2K1|RAF1	True	True	True	MAP2K1	Approved Drug	19.0	MIRDAMETINIB (APPROVAL); TRAMETINIB DIMETHYL SULFOXIDE (APPROVAL); BINIMETINIB (APPROVAL); COBIMETINIB (APPROVAL)	SELUMETINIB; TRAMETINIB	verified: class-level (MEK1/2 inhibitor)	mirdametinib, trametinib (approved)	PMID 32187457 - selumetinib in plexiform neurofibromas (MEK1/2)
MAP2K1|RPL35A	True	False	True								
MAP2K1|SERBP1	True	False	True								
MAP2K1|VCP	True	False	True								
MAP2K1|YAP1	True	False	True								
MAP2K1|YWHAB	True	False	True								
MAP2K1|YWHAE	True	False	True								
MAP2K1|YWHAG	True	False	True								
MAP2K1|YWHAH	True	False	True								
MAP2K1|YWHAQ	True	False	True								
MAP2K1|YWHAZ	True	False	True								
MAP2K2|MAP2K2	True	False	True								
MAP2K2|MAP2K5	False	False	False	MAP2K5	Structure with Ligand	0.0		BIX-02188	verified: weak (MEK5 inhibitor, thin primary literature)	BIX-02188 (probe)	PMID 26237966 - BIX-02188 used to block MEK5/ERK5 signalling
MAP2K2|MAPK1	True	False	True	MAPK1	Advanced Clinical	6.0	ULIXERTINIB (PHASE_2); TEMUTERKIB (PHASE_2); RAVOXERTINIB (PHASE_1); ASN007 (PHASE_1)	ERKi; SCH772984	verified: direct target	ulixertinib (phase 2)	PMID 40928301 - advances in ERK1/2 inhibition
MAP2K2|MAPK3	True	False	True	MAPK3	Advanced Clinical	6.0	ULIXERTINIB (PHASE_2); TEMUTERKIB (PHASE_2); MK-8353 (PHASE_1); KO-947 (PHASE_1)	ERKi; SCH772984	verified: direct target	ulixertinib (phase 2)	PMID 40928301 - advances in ERK1/2 inhibition
MAP2K2|MAPK8	False	False	False	MAPK8	Advanced Clinical	3.0	TANZISERTIB (PHASE_2); BENTAMAPIMOD (PHASE_2); CC-401 (PHASE_2)	JNK-IN-7	verified: class-level (pan-JNK)	tanzisertib (phase 2)	PMID 25475995 - JNK inhibitor tanzisertib
MAP2K2|MOS	False	True	True								
MAP2K2|O00560	False	True	True								
MAP2K2|O15018	False	True	True								
MAP2K2|O75970	False	True	True								
MAP2K2|O95049	False	True	True								
MAP2K2|O95273	False	True	True								
MAP2K2|O96018	False	True	True								
MAP2K2|P05067	False	True	True								
MAP2K2|P61978	False	True	True								
MAP2K2|P78352	False	True	True								
MAP2K2|Q07157	False	True	True								
MAP2K2|Q12923	False	True	True								
MAP2K2|Q12959	False	True	True								
MAP2K2|Q14005	False	True	True								
MAP2K2|Q14160	False	True	True								
MAP2K2|Q15599	False	True	True								
MAP2K2|Q15700	False	True	True								
MAP2K2|Q5T2W1	False	True	True								
MAP2K2|Q5TCQ9	False	True	True								
MAP2K2|Q68DX3	False	True	True								
MAP2K2|Q6ZMN7	False	True	True								
MAP2K2|Q70Z35	False	True	True								
MAP2K2|Q86UL8	False	True	True								
MAP2K2|Q86UT5	False	True	True								
MAP2K2|Q8N448	False	True	True								
MAP2K2|Q8NI35	False	True	True								
MAP2K2|Q8TDM6	False	True	True								
MAP2K2|Q8TEW0	False	True	True								
MAP2K2|Q8TEW8	False	True	True								
MAP2K2|Q92796	False	True	True								
MAP2K2|Q96II5	False	True	True								
MAP2K2|Q96QZ7	False	True	True								
MAP2K2|Q99767	False	True	True								
MAP2K2|Q9C0E4	False	True	True								
MAP2K2|Q9H190	False	True	True								
MAP2K2|Q9H5P4	False	True	True								
MAP2K2|Q9P202	False	True	True								
MAP2K2|Q9UDY2	False	True	True								
MAP2K2|Q9UPQ7	False	True	True								
MAP2K2|Q9Y3R0	False	True	True								
MAP2K2|Q9Y6N9	False	True	True								
MAP2K2|RAF1	True	True	True	RAF1	Approved Drug	9.0	SORAFENIB TOSYLATE (APPROVAL); REGORAFENIB (APPROVAL); SORAFENIB (APPROVAL); TOVORAFENIB (APPROVAL)		verified: direct target	sorafenib tosylate (approved)	PMID 16890795 - Raf kinase as a therapeutic target
MAP2K2|RHOA	True	False	True								
MAP2K2|TUBA1C	True	False	True								
MAP2K2|TUBA4A	True	False	True								
MAP2K2|TUBB	True	False	True								
MAP2K2|WDR59	True	False	True								
MAP2K2|XPO1	True	False	True								
MAP2K2|YWHAB	True	False	True								
MAP2K2|YWHAE	True	False	True								
MAP2K2|YWHAG	True	False	True								
MAP2K2|YWHAH	True	False	True								
MAP2K2|YWHAQ	True	False	True								
MAP2K2|YWHAZ	True	False	True								
MAP2K5|RAF1	False	False	False	MAP2K5	Structure with Ligand	0.0		BIX-02188	verified: weak (MEK5 inhibitor, thin primary literature)	BIX-02188 (probe)	PMID 26237966 - BIX-02188 used to block MEK5/ERK5 signalling
MAP3K1|RAF1	True	False	True								
MAP3K5|PTPN11	True	False	True								
MAP3K5|RAF1	True	False	True								
MAPK1|RAF1	True	False	True								
MAPK3|RAF1	True	False	True								
MAPK3|SOS1	True	False	True								
MAPK7|RAF1	True	False	True								
MAPK8IP3|RAF1	True	False	True								
MAPKAP1|RET	True	False	True								
MARK3|RAF1	True	False	True								
MDK|RAF1	True	False	True								
MET|MET	True	True	True	MET	Approved Drug	38.0	TEPOTINIB (APPROVAL); CRIZOTINIB (APPROVAL); CAPMATINIB (APPROVAL); AMIVANTAMAB (APPROVAL)	AMG-337; BAY-474; CAPMATINIB; JNJ-38877605; MK-8033; SGX-523	verified: direct target	tepotinib, capmatinib (approved)	PMID 32469185 - tepotinib in MET exon 14 skipping NSCLC
MET|MYC	True	False	True								
MET|NCK1	False	True	True								
MET|NCK2	False	True	True								
MET|NDUFA4	True	False	True								
MET|NTRK3	False	True	True								
MET|O00459	False	True	True								
MET|O14544	False	True	True								
MET|O14796	False	True	True								
MET|O15357	False	True	True								
MET|O43157	False	True	True								
MET|O60880	False	True	True								
MET|O75159	False	True	True								
MET|P06239	False	True	True								
MET|P07947	False	True	True								
MET|P07948	False	True	True								
MET|P09769	False	True	True								
MET|P0DQD2	False	True	True								
MET|P12830	False	True	True								
MET|P12931	False	True	True								
MET|P15941	False	True	True								
MET|P22681	False	True	True								
MET|P23467	False	True	True								
MET|P27986	False	True	True								
MET|P35918	False	True	True								
MET|P35968	False	True	True								
MET|P41218	False	True	True								
MET|P42680	False	True	True								
MET|P43403	False	True	True								
MET|P43405	False	True	True								
MET|P98077	False	True	True								
MET|PCDH7	True	False	True								
MET|PDIA4	True	False	True								
MET|PLCG1	False	True	True								
MET|PLXNB2	False	True	True								
MET|PTK7	True	False	True								
MET|PTPN1	False	True	True								
MET|PTPN11	False	True	True								
MET|Q00944	False	True	True								
MET|Q08048	False	True	True								
MET|Q12913	False	True	True								
MET|Q15464	False	True	True								
MET|Q16827	False	True	True								
MET|Q63HR2	False	True	True								
MET|Q68CZ2	False	True	True								
MET|Q6S5L8	False	True	True								
MET|Q8TCU6	False	True	True								
MET|Q92569	False	True	True								
MET|Q96EY1	False	True	True								
MET|Q96IW2	False	True	True								
MET|Q9H6Q3	False	True	True								
MET|Q9HBL0	False	True	True								
MET|Q9NP31	False	True	True								
MET|Q9ULL4	False	True	True								
MET|Q9ULZ2	False	True	True								
MET|RANBP10	True	False	True								
MET|RANBP9	True	False	True								
MET|RASA1	False	True	True								
MET|SCO2	True	False	True								
MET|SDF2L1	True	False	True								
MET|SH2B3	False	True	True								
MET|SH2D3C	False	True	True								
MET|SH3KBP1	True	False	True								
MET|SHC1	True	True	True								
MET|SLC25A3	True	False	True								
MET|SNRNP70	True	False	True								
MET|SOCS1	True	False	True								
MET|SRC	True	False	True								
MET|STK4	True	False	True								
MET|SUZ12	True	False	True								
MET|TFRC	True	False	True								
MET|TMPRSS2	True	False	True								
MET|TMPRSS4	True	False	True								
MET|VAV3	False	True	True								
MET|ZC3H18	True	False	True								
MET|cagA	True	False	True								
MGST1|RAF1	True	False	True								
MOV10|RAF1	True	False	True								
MPZL1|PTPN11	True	True	True								
MRAS|PIK3CA	False	False	False	PIK3CA	Approved Drug	32.0	COPANLISIB (APPROVAL); COPANLISIB HYDROCHLORIDE (APPROVAL); ALPELISIB (APPROVAL); INAVOLISIB (APPROVAL)	ALPELISIB; APITOLISIB; PICTILISIB; RLY-2608	verified: direct target	copanlisib, alpelisib (approved)	PMID 29508857 - targeting the PI3K pathway in cancer
MRAS|RAF1	True	False	True	RAF1	Approved Drug	9.0	SORAFENIB TOSYLATE (APPROVAL); REGORAFENIB (APPROVAL); SORAFENIB (APPROVAL); TOVORAFENIB (APPROVAL)		verified: direct target	sorafenib tosylate (approved)	PMID 16890795 - Raf kinase as a therapeutic target
MRAS|RALGDS	True	False	True								
MRAS|RAPGEF5	True	False	True								
MRAS|RASSF5	True	False	True								
MRAS|SHOC2	True	False	True								
MSH2|RAF1	True	False	True								
MTPN|PTPN11	True	False	True								
MTUS2|RET	True	False	True								
MUC1|SOS1	True	False	True								
MYC|RAF1	True	False	True								
MYL6|RAF1	True	False	True								
MYO1E|RAF1	True	False	True								
NARS|RAF1	True	False	True								
NCK1|SOS1	True	True	True								
NCK1|SOS2	False	True	True								
NEDD4L|RAF1	True	False	True								
NEDD4|RET	True	False	True								
NEDD9|PTPN11	True	False	True								
NFIX|RAF1	True	False	True								
NIPAL1|RET	True	False	True								
NONO|RAF1	True	False	True								
NPLOC4|RAF1	True	False	True								
NQO1|RAF1	True	False	True								
NR3C1|RAF1	False	False	False	NR3C1	Approved Drug	71.0	TRIAMCINOLONE (APPROVAL); METHYLPREDNISOLONE HEMISUCCINATE (APPROVAL); HYDROCORTISONE SODIUM SUCCINATE (APPROVAL); METHYLPREDNISOLONE ACETATE (APPROVAL)	AL-43; BI 653048; betamethasone	verified: class-level (glucocorticoid receptor agonist)	triamcinolone, methylprednisolone (approved)	PMID 24417561 - NR3C1 variants and corticosteroid response
NRAS|RAF1	True	True	True	NRAS	Advanced Clinical	1.0	SALIRASIB (PHASE_2)		verified: class-level (pan-RAS farnesyl mimetic)	salirasib (phase 2)	PMID 29901113 - salirasib RAS inhibitor
NRAS|RET	True	False	True								
NRAS|SOS1	False	False	False	NRAS	Advanced Clinical	1.0	SALIRASIB (PHASE_2)		verified: class-level (pan-RAS farnesyl mimetic)	salirasib (phase 2)	PMID 29901113 - salirasib RAS inhibitor
NSDHL|RAF1	True	False	True								
NTRK1|PTPN11	True	False	True								
NTRK1|RET	False	False	False	NTRK1	Approved Drug	17.0	ENTRECTINIB (APPROVAL); CENEGERMIN (APPROVAL); LAROTRECTINIB (APPROVAL); LAROTRECTINIB SULFATE (APPROVAL)	AZD1332; D2202-1; GNF-5837; larotrectinib	verified: direct target	entrectinib, larotrectinib (approved)	PMID 31838007 - entrectinib in NTRK fusion-positive tumours
NTRK3|PTPN11	True	False	True								
NXF1|RAF1	True	False	True								
O39474|RAF1	False	True	True								
O43482|RAF1	False	True	True								
O75496|PTPN11	False	True	True								
O95714|RAF1	False	True	True								
O95816|RAF1	False	True	True								
OLA1|PTPN11	True	False	True								
P01120|RAF1	False	True	True								
P03495|RAF1	False	True	True								
P05067|RAF1	False	True	True								
P06213|PTPN11	False	True	True								
P06400|RAF1	False	True	True								
P07900|RAF1	False	True	True								
P08069|PTPN11	False	True	True								
P08631|SOS1	False	True	True								
P09619|PTPN11	False	True	True								
P10275|PTPN11	False	True	True								
P10721|PTPN11	False	True	True								
P11021|RAF1	False	True	True								
P14618|RAF1	False	True	True								
P16284|PTPN11	False	True	True								
P20138|PTPN11	False	True	True								
P20929|SOS1	False	True	True								
P22455|RET	False	True	True								
P27986|SOS1	False	True	True								
P28301|RAF1	False	True	True								
P29317|PTPN11	False	True	True								
P30086|RAF1	False	True	True								
P30304|RAF1	False	True	True								
P31327|RAF1	False	True	True								
P31749|PTPN11	False	True	True								
P31749|RAF1	False	True	True								
P32239|PTPN11	False	True	True								
P32883|RAF1	False	True	True								
P35570|PTPN11	False	True	True								
P40763|RET	False	True	True								
P43628|PTPN11	False	True	True								
P46108|SOS1	False	True	True								
P46108|SOS2	False	True	True								
P49023|PTPN11	False	True	True								
P49247|PTPN11	False	True	True								
P49368|RAF1	False	True	True								
P4HB|RAF1	True	False	True								
P53805|RAF1	False	True	True								
P57075|SOS1	False	True	True								
P67775|RAF1	False	True	True								
P68105|PTPN11	False	True	True								
P97710|PTPN11	False	True	True								
PACSIN3|RAF1	True	False	True								
PAF1|PTPN11	True	False	True								
PAK1|RAF1	True	True	True								
PAK2|RAF1	False	True	True								
PARK2|PTPN11	True	False	True								
PCK2|RAF1	True	False	True								
PCNA|RAF1	True	False	True								
PDCD1|PTPN11	False	True	True	PDCD1	Structure with Ligand	26.0	CAMRELIZUMAB (APPROVAL); DOSTARLIMAB (APPROVAL); RETIFANLIMAB (APPROVAL); SINTILIMAB (APPROVAL)		verified: direct target	camrelizumab, dostarlimab (approved)	PMID 40195413 - camrelizumab (anti-PD-1) in biliary tract cancer
PDGFRA|PTPN11	True	False	True								
PDGFRB|PTPN11	True	False	True								
PDGFRB|RAF1	True	False	True								
PDIA4|RET	True	False	True								
PDLIM7|RET	True	False	True								
PDZD8|RET	True	False	True								
PEBP1|RAF1	True	False	True								
PEBP4|RAF1	True	True	True								
PECAM1|PTPN11	True	False	True								
PECR|RAF1	True	False	True								
PFN1|RET	True	False	True								
PHAX|RAF1	True	False	True								
PHB2|RAF1	True	False	True								
PHB|RAF1	True	False	True								
PHF21A|RET	True	False	True								
PIK3CA|PTPN11	True	False	True								
PIK3CG|PTPN11	True	False	True								
PIK3R1|PTPN11	True	False	True								
PIK3R1|RET	True	False	True								
PIK3R1|SOS1	True	False	True								
PIK3R2|PTPN11	True	False	True								
PKM|RAF1	True	False	True								
PKP2|RAF1	True	False	True								
PLCG1|RET	True	False	True								
PLCG1|SOS1	True	True	True								
PLCG1|SOS2	True	True	True								
PLEKHA4|PTPN11	True	False	True								
PLK1|RET	True	False	True								
POLR2B|RAF1	True	False	True								
POMK|RET	True	False	True								
PPIF|PTPN11	True	False	True								
PPP1CA|RAF1	False	True	True								
PPP1CC|RAF1	True	False	True								
PPP2CA|RET	True	False	True								
PPP2CB|RET	True	False	True								
PPP2R1A|RAF1	True	False	True								
PPP2R1A|RET	True	False	True								
PPP4C|RET	True	False	True								
PPP4R1|RET	True	False	True								
PPP4R2|RET	True	False	True								
PRDX3|RAF1	True	False	True								
PRDX5|RAF1	True	False	True								
PRKCZ|RAF1	True	False	True								
PRNP|PTPN11	True	False	True								
PRPF19|RET	True	False	True								
PRPF6|RAF1	True	False	True								
PTK2B|PTPN11	True	False	True								
PTK2|PTPN11	True	False	True								
PTPN11|PTPN11	True	False	True	PTPN11	Advanced Clinical	1.0	BATOPROTAFIB (PHASE_1_2)	Batoprotafib	verified: class-level (allosteric SHP2 inhibitor class)	batoprotafib (phase 1/2)	PMID 40960119 - RAS pathway inhibitors incl. SHP2
PTPN11|PXN	True	False	True								
PTPN11|Q05397	False	True	True								
PTPN11|Q08345	False	True	True								
PTPN11|Q13049	False	True	True								
PTPN11|Q6P1J9	False	True	True								
PTPN11|Q71V39	False	True	True								
PTPN11|Q7Z6A9	False	True	True								
PTPN11|Q9BZW8	False	True	True								
PTPN11|Q9UKI8	False	True	True								
PTPN11|RPA1	True	False	True								
PTPN11|SERBP1	True	False	True								
PTPN11|SHC1	True	False	True								
PTPN11|SHC4	True	False	True								
PTPN11|SIRPA	True	False	True								
PTPN11|SLAMF1	True	False	True								
PTPN11|SOCS1	True	False	True								
PTPN11|SOCS3	True	False	True								
PTPN11|SOS1	True	False	True	PTPN11	Advanced Clinical	1.0	BATOPROTAFIB (PHASE_1_2)	Batoprotafib	verified: class-level (allosteric SHP2 inhibitor class)	batoprotafib (phase 1/2)	PMID 40960119 - RAS pathway inhibitors incl. SHP2
PTPN11|STAT1	True	False	True								
PTPN11|STAT3	True	False	True								
PTPN11|STAT5A	True	False	True								
PTPN11|STAT5B	True	False	True								
PTPN11|TLK1	True	False	True								
PTPN11|TOPBP1	True	False	True								
PTPN11|TPR	True	False	True								
PTPN11|TRIM32	True	False	True								
PTPN11|TXNIP	True	False	True								
PTPN1|RET	True	False	True								
PTPRA|RET	True	False	True								
PURA|RAF1	True	False	True								
Q12968|RAF1	False	True	True								
Q13362|RAF1	False	True	True								
Q13485|RAF1	False	True	True								
Q13526|RAF1	False	True	True								
Q14790|RAF1	False	True	True								
Q15773|RAF1	False	True	True								
Q5TCZ1|SOS1	False	True	True								
Q62985|RET	False	True	True								
Q6TCH7|RAF1	False	True	True								
Q7Z3S9|RET	False	True	True								
Q9ESN9|RAF1	False	True	True								
Q9UKS6|SOS1	False	True	True								
Q9UKS6|SOS2	False	True	True								
Q9UM73|RET	False	True	True								
Q9UNE7|RAF1	False	True	True								
Q9UNS2|SOS1	False	True	True								
Q9Y490|RET	False	True	True								
Q9Y5X1|SOS1	False	True	True								
Q9Y5X1|SOS2	False	True	True								
QKI|RAF1	True	False	True								
RAB11A|RET	True	False	True								
RAB1A|RET	True	False	True								
RAB1B|RET	True	False	True								
RAB2A|RAF1	True	False	True								
RAB3GAP1|RET	True	False	True								
RAB4A|RET	True	False	True								
RAB6A|RAF1	True	False	True								
RAB9A|RET	True	False	True								
RAF1|RAF1	True	True	True								
RAF1|RANBP9	True	False	True								
RAF1|RAP1A	True	True	True								
RAF1|RASD2	True	False	True								
RAF1|RB1	True	False	True								
RAF1|RBBP4	True	False	True								
RAF1|RBL2	True	False	True								
RAF1|RBM23	True	False	True								
RAF1|RFXANK	True	False	True								
RAF1|RHEB	True	False	True								
RAF1|RPLP1	True	False	True								
RAF1|RPN1	True	False	True								
RAF1|RRAS	True	False	True								
RAF1|RRAS2	True	False	True								
RAF1|SFN	True	True	True								
RAF1|SGK1	True	False	True								
RAF1|SHMT2	True	False	True								
RAF1|SHOC2	True	False	True								
RAF1|SKP1	True	False	True								
RAF1|SLC25A1	True	False	True								
RAF1|SLC25A11	True	False	True								
RAF1|SLC25A3	True	False	True								
RAF1|SPRY4	True	False	True								
RAF1|SQSTM1	True	False	True								
RAF1|SRC	True	False	True								
RAF1|STK3	True	True	True								
RAF1|STUB1	True	False	True								
RAF1|SUCLG1	True	False	True								
RAF1|SUCLG2	True	False	True								
RAF1|TCERG1	True	False	True								
RAF1|TCP1	True	False	True								
RAF1|TIMM50	True	True	True								
RAF1|TMED1	True	False	True								
RAF1|TMEM33	True	False	True								
RAF1|TOE1	True	False	True								
RAF1|TPI1	True	False	True								
RAF1|TRAP1	True	False	True								
RAF1|TRIM22	True	False	True								
RAF1|TRIM25	True	False	True								
RAF1|TRIM71	True	False	True								
RAF1|TSC22D3	True	False	True								
RAF1|TUBB	True	False	True								
RAF1|TUBGCP3	True	False	True								
RAF1|TUFM	True	False	True								
RAF1|UNC45A	True	False	True								
RAF1|UQCRC2	True	False	True								
RAF1|USP7	True	False	True								
RAF1|VCP	True	False	True								
RAF1|VDAC1	True	False	True								
RAF1|VDAC2	True	False	True								
RAF1|VHL	True	False	True								
RAF1|WDR6	True	False	True								
RAF1|WDR83	True	False	True								
RAF1|XIAP	True	False	True								
RAF1|YWHAB	True	True	True								
RAF1|YWHAE	True	True	True								
RAF1|YWHAG	True	True	True								
RAF1|YWHAH	True	True	True								
RAF1|YWHAQ	True	True	True								
RAF1|YWHAZ	True	True	True								
RAF1|ZHX3	True	False	True								
RALBP1|RET	True	False	True								
RET|RET	True	False	True	RET	Approved Drug	16.0	SELPERCATINIB (APPROVAL); ALECTINIB (APPROVAL); SORAFENIB TOSYLATE (APPROVAL); SORAFENIB (APPROVAL)	HG-7-85-01	verified: direct target	selpercatinib (approved)	PMID 37870973 - first-line selpercatinib in RET fusion-positive NSCLC
RET|RPS6KA3	True	False	True								
RET|SDF2L1	True	False	True								
RET|SHC1	True	False	True								
RET|SHH	True	False	True								
RET|SKP1	True	False	True								
RET|SLC39A4	True	False	True								
RET|SLC6A15	True	False	True								
RET|SMEK1	True	False	True								
RET|SMEK2	True	False	True								
RET|SMO	True	False	True								
RET|SRC	True	False	True								
RET|STAT3	True	False	True								
RET|STK4	True	False	True								
RET|SYAP1	True	False	True								
RET|TCEB1	True	False	True								
RET|TGOLN2	True	False	True								
RET|TMEM131	True	False	True								
RET|TP53	True	False	True								
RET|TSPAN8	True	False	True								
RET|USP7	True	False	True								
RET|WWP1	True	False	True								
RET|YWHAB	True	False	True								
RET|YWHAG	True	False	True								
RET|YWHAH	True	False	True								
RET|ZYG11B	True	False	True								
SH3KBP1|SOS1	True	False	True								
SHC1|SOS1	True	True	True								
SHC1|SOS2	True	False	True								
SIRPA|SOS1	True	False	True								
SOS1|YWHAZ	False	True	True								
